e63	13
e68	13
e79	14
e81	14
e363	6
e364	6
e500	20
e505	20
e509	20
e510	20
e543	10
e548	10
e549	10
e564	10
e665	2
e673	4
e811	9
e816	3
e856	2
e874	5
e876	5
e896	2
e949	5
e955	10
e956	5
e959	5
e972	12
e973	12
e981	6
e989	12
e1006	12
e1016	6
e1089	5
e1094	5
e1107	10
e1116	5
e1156	4
e1165	4
e1247	5
e1295	8
e1305	8
e1343	2
e1378	6
e1380	6
e1393	4
e1409	4
e1419	4
e1420	4
e1438	16
e1453	3
e1454	3
e1515	8
e1518	8
e1560	21
e1565	11
e1590	16
e1592	16
e1604	8
e1610	8
e1640	6
e1649	8
e1828	15
e1834	15
e1836	15
e1886	13
e1894	13
e1945	15
e2016	22
e2020	15
e2059	21
e2109	7
e2113	7
e2117	8
e2131	8
e2141	18
e2149	16
e2191	24
e2207	24
e2231	16
e2270	16
e2288	16
e2403	16
e2404	16
e2407	16
e2441	12
e2473	24
e2598	14
e2704	24
e2706	24
e2709	24
e2746	7
e2766	16
e2769	16
e2770	16
e2773	16
e2785	8
e2787	8
e2801	15
e2803	15
e2804	15
e2828	8
e2832	8
e2976	16
e2981	16
e3070	15
e3078	14
e3118	7
e3124	6
e3128	6
e3135	13
e3143	14
e3158	11
e3160	22
e3161	11
e3168	7
e3319	6
e3349	24
e3352	24
e3372	11
e3381	22
e3414	10
e3418	22
e3422	22
e3427	22
e3439	11
e3441	11
e3460	11
e3464	11
e3487	22
e3503	22
e3504	22
e3508	22
e3531	10
e3535	10
e3539	15
e3544	15
e3551	11
e3563	11
e3564	11
e3586	11
e3587	11
e3604	10
e3612	11
e3775	12
e3803	14
e3823	13
e3912	20
e3927	20
e3956	20
e3963	20
e4033	10
e4279	7
e4280	7
e4296	7
e4303	14
e4313	7
e4378	11
e4379	11
e4380	11
e4439	12
e4448	12
e4472	8
e4499	8
e4520	16
e4654	24
e4665	23
e4683	12
e4698	11
e4719	10
e4720	11
e4757	24
e4771	18
e4847	16
e4913	23
e4941	24
e4949	16
e5024	20
e5031	20
e5068	22
e5125	20
e5166	10
e5246	10
e5253	10
e5290	10
e5329	20
e5339	21
e5341	21
e5379	15
e5383	21
e5395	15
e5583	20
e5627	8
e5636	8
e5666	18
e5668	18
e5829	20
e5837	20
e5841	20
e5845	20
e5857	20
e5866	21
e5885	20
e5889	20
e5890	20
e5894	20
e5917	18
e5938	18
e5942	9
e5957	12
e5980	16
e5981	8
e5985	8
e6015	10
e6029	10
e6030	20
e6041	20
e6065	14
e6075	15
e6120	20
e6145	16
e6151	15
e6201	10
e6233	14
e6270	10
e6282	10
e6283	10
e6286	10
e6289	10
e6297	10
e6317	10
e6350	20
e6352	10
e6372	15
e6437	15
e6446	15
e6461	14
e6521	20
e6528	20
e6608	20
e6648	20
e6651	20
e6677	10
e6700	9
e6706	9
e6741	19
e6742	19
e6747	19
e6754	20
e6775	10
e6792	18
e6866	10
e7173	24
e7208	23
e7229	24
e7238	24
e7262	24
e7270	24
e7271	24
e7512	24
e7522	23
e7681	14
e7684	15
e7688	16
e7689	16
e7717	16
e7767	24
e7779	14
