e89	23
e92	23
e148	24
e158	23
e167	24
e177	24
e185	24
e411	13
e416	13
e427	13
e431	14
e461	14
e462	14
e511	13
e516	14
e535	14
e537	14
e549	14
e585	21
e605	13
e615	14
e621	14
e712	24
e715	24
e750	10
e765	12
e780	11
e817	11
e859	21
e884	11
e898	17
e907	11
e946	10
e947	10
e953	10
e955	10
e985	24
e1007	16
e1051	22
e1108	11
e1111	11
e1138	11
e1140	11
e1141	11
e1151	11
e1153	11
e1164	22
e1173	20
e1199	18
e1203	18
e1215	10
e1237	22
e1240	22
e1242	11
e1243	11
e1443	12
e1454	12
e1482	12
e1488	24
e1522	24
e1537	24
e1614	10
e1625	11
e1633	10
e1677	15
e1681	16
e1692	16
e1701	24
e1727	24
e1728	24
e1734	24
e1735	24
e1736	24
e1742	24
e1790	18
e1822	12
e1823	12
e1825	12
e1834	12
e1847	11
e1871	11
e1910	24
e1911	24
e1930	24
e1931	24
e2005	12
e2011	11
e2012	11
e2030	12
e2032	11
e2066	24
e2067	24
e2082	18
e2161	24
e2162	12
e2164	11
e2167	11
e2176	11
e2181	12
e2189	12
e2255	6
e2260	7
e2269	11
e2295	21
e2296	21
e2365	13
e2373	13
e2377	13
e2378	13
e2387	13
e2500	18
e2519	9
e2523	9
e2526	13
e2557	11
e2596	22
e2605	11
e2628	11
e2632	11
e2637	11
e2651	22
e2784	14
e2794	21
e2922	8
e2930	10
e2931	7
e2932	7
e2967	4
e2975	8
e2977	4
e3021	20
e3111	5
e3190	8
e3195	8
e3196	8
e3199	8
e3202	24
e3231	7
e3278	10
e3281	10
e3295	10
e3375	13
e3376	13
e3392	13
e3485	6
e3486	6
e3505	5
e3646	24
e3686	16
e3687	16
e3710	16
e3713	16
e3715	16
e3727	15
e3764	14
e3781	23
e3782	15
e3814	16
e3889	11
e4033	22
e4034	22
e4083	8
e4121	8
e4182	8
e4186	4
e4232	4
e4242	12
e4295	17
e4296	17
e4301	17
e4365	16
e4371	16
e4375	16
e4376	16
e4435	24
e4446	12
e4449	12
e4472	24
e4538	14
e4542	14
e4547	7
e4573	14
e4699	5
e4720	12
e4723	12
e4725	12
e4753	16
e4765	5
e4766	5
e4771	5
e4772	5
e4789	10
e4805	24
e4935	16
e4975	16
e4989	16
e5042	14
e5058	16
e5071	16
e5074	16
e5113	16
e5126	23
e5132	15
e5133	15
e5171	15
e5187	16
e5437	5
e5439	5
e5596	2
e5604	2
e5611	4
e5621	1
e5651	1
e5653	2
e5655	2
e5666	2
e5675	2
e5676	2
e5692	1
e5764	4
e5783	3
e5851	8
e5858	6
e5871	12
e5872	12
e5885	8
e5887	8
e5932	15
e5935	15
e5956	10
e5972	10
e6002	8
e6020	14
e6084	16
e6103	16
e6108	24
e6125	16
e6197	16
e6204	16
e6216	16
e6217	16
e6226	15
e6229	15
e6236	15
e6244	16
e6246	16
e6267	24
e6308	15
e6519	20
e6529	20
e6534	20
e6702	10
e6703	10
e6732	11
e6733	11
e6762	22
e6971	13
e7003	21
e7004	21
e7118	15
e7212	22
e7214	22
e7215	21
e7347	14
e7372	13
e7374	13
e7414	23
e7415	23
e7420	23
e7484	15
e7486	15
e7550	15
e7594	15
e7608	14
e7642	23
e7645	23
e7647	23
e7707	15
e7725	15
e7750	15
e7795	15
e7804	15
e8054	21
e8057	21
e8066	13
e8078	14
e8116	13
e8213	16
e8271	23
e8273	23
e8328	16
e8389	24
e8445	15
e8471	16
e8719	16
e8743	24
e8757	24
e8769	15
e8772	15
e8804	24
e8948	20
e8959	20
e9135	14
e9146	15
e9243	16
e9244	16
e9272	24
e9274	24
e9276	24
e9299	16
e9331	16
e9333	16
e9349	16
e9353	16
e9364	16
e9369	16
e9451	16
e9464	16
e9469	16
e9473	17
e9475	17
e9498	17
e9553	16
e9565	16
e9585	16
e9591	16
e9601	16
e9712	16
e9729	16
e9737	16
e9777	16
e9788	16
e9816	16
e9969	24
e9977	24
e9980	24
e10001	24
e10118	23
e10143	23
e10154	23
e10158	23
e10172	23
e10238	21
