Adenophorus_hymenophylloides	37
Adenophorus_tripinnatifidus	37
Alansmia_cultrata	37
Arachniodes_amabilis	41
Arachniodes_aristata	41
Arachniodes_assamica	80
Arachniodes_carvifolia	41
Arachniodes_chinensis	41
Arachniodes_coniifolia	41
Arachniodes_denticulata	82
Arachniodes_festina	41
Arachniodes_hekiana	41
Arachniodes_henryi	41
Arachniodes_nigrospinosa	41
Arachniodes_nipponica	41
Arachniodes_pseudoaristata	40
Arachniodes_rhomboidea	82
Arachniodes_simplicior	41
Arachniodes_simulans	82
Arachniodes_standishii	41
Arthropteris_monocarpa	41
Arthropteris_orientalis	41
Arthropteris_palisotii	41
Arthropteris_tenella	41
Bolbitis_acrostichoides	41
Bolbitis_appendiculata	41
Bolbitis_auriculata	82
Bolbitis_heteroclita	41
Bolbitis_portoricensis	41
Bolbitis_rhizophylla	41
Bolbitis_semipinnatifida	82
Bolbitis_subcordata	40
Campyloneurum_anetioides	74
Campyloneurum_angustifolium	74
Campyloneurum_brevifolium	37
Campyloneurum_phyllitidis	37
Campyloneurum_repens	74
Campyloneurum_xalapense	74
Cochlidium_linearifolium	36
Ctenitis_cirrhosa	40
Ctenitis_decurrentipinnata	41
Ctenitis_eatonii	41
Ctenitis_iriomotensis	41
Ctenitis_sinii	41
Ctenitis_sloanei	41
Ctenitis_subglandulosa	41
Ctenitis_submarginalis	41
Ctenitis_vilis	41
Cyclodium_meniscioides	30
Cyclopeltis_crenata	41
Cyclopeltis_semicordata	41
Cyrtomium_aequibasis	41
Cyrtomium_chingianum	82
Cyrtomium_devexiscapulae	82
Cyrtomium_falcatum	41
Cyrtomium_fortunei	41
Cyrtomium_grossum	82
Cyrtomium_guizhouense	41
Cyrtomium_hemionitis	123
Cyrtomium_lonchitoides	41
Cyrtomium_macrophyllum	82
Cyrtomium_nephrolepioides	82
Cyrtomium_shingianum	82
Cyrtomium_urophyllum	41
Cyrtomium_yunnanense	123
Davallia_canariensis	40
Davallia_denticulata	40
Davallia_solida	40
Didymochlaena_truncatula	41
Drynaria_laurentii	37
Drynaria_mollis	37
Drynaria_propinqua	36
Drynaria_quercifolia	36
Drynaria_rigidula	36
Drynaria_sparsisora	37
Dryopteris_acutodentata	41
Dryopteris_alpestris	41
Dryopteris_amurensis	41
Dryopteris_antarctica	82
Dryopteris_arguta	41
Dryopteris_athamantica	41
Dryopteris_atrata	41
Dryopteris_barbigera	41
Dryopteris_blanfordii	41
Dryopteris_cacaina	123
Dryopteris_campyloptera	82
Dryopteris_carthusiana	82
Dryopteris_caucasica	41
Dryopteris_celsa	82
Dryopteris_championii	41
Dryopteris_chinensis	80
Dryopteris_chrysocoma	41
Dryopteris_clintoniana	123
Dryopteris_cochleata	41
Dryopteris_commixta	82
Dryopteris_conjugata	41
Dryopteris_crassirhizoma	41
Dryopteris_cristata	41
Dryopteris_cycadina	41
Dryopteris_decipiens	41
Dryopteris_dickinsii	40
Dryopteris_dilatata	31
Dryopteris_expansa	41
Dryopteris_filix-mas	41
Dryopteris_formosana	41
Dryopteris_fragrans	41
Dryopteris_futura	41
Dryopteris_goeringiana	41
Dryopteris_gymnophylla	41
Dryopteris_gymnosora	82
Dryopteris_handeliana	41
Dryopteris_hangchowensis	41
Dryopteris_himachalensis	41
Dryopteris_hondoensis	82
Dryopteris_inaequalis	82
Dryopteris_indusiata	41
Dryopteris_integriloba	60
Dryopteris_intermedia	41
Dryopteris_juxtaposita	41
Dryopteris_kilemensis	41
Dryopteris_kinkiensis	82
Dryopteris_labordei	41
Dryopteris_lacera	41
Dryopteris_lachoongensis	41
Dryopteris_lepidopoda	82
Dryopteris_lepidorachis	82
Dryopteris_ludoviciana	41
Dryopteris_manniana	82
Dryopteris_marginalis	41
Dryopteris_marginata	41
Dryopteris_melanocarpa	41
Dryopteris_mindshelkensis	41
Dryopteris_monticola	41
Dryopteris_namegatae	123
Dryopteris_pacifica	41
Dryopteris_panda	41
Dryopteris_patula	41
Dryopteris_peninsulae	82
Dryopteris_pentheri	41
Dryopteris_podophylla	41
Dryopteris_polita	41
Dryopteris_polylepis	41
Dryopteris_pulvinulifera	41
Dryopteris_pycnopteroides	41
Dryopteris_ramosa	41
Dryopteris_redactopinnata	41
Dryopteris_reflexosquamata	41
Dryopteris_remota	23
Dryopteris_rosthornii	41
Dryopteris_ryo-itoana	123
Dryopteris_sacrosancta	123
Dryopteris_saxifraga	41
Dryopteris_schimperiana	41
Dryopteris_scottii	82
Dryopteris_setosa	41
Dryopteris_sieboldii	82
Dryopteris_simasakii	123
Dryopteris_sordidipes	41
Dryopteris_sparsa	41
Dryopteris_stenolepis	41
Dryopteris_subexaltata	41
Dryopteris_sublacera	60
Dryopteris_submarginata	82
Dryopteris_subtriangularis	123
Dryopteris_tenuicula	82
Dryopteris_tokyoensis	41
Dryopteris_uniformis	82
Dryopteris_varia	37
Dryopteris_yoroii	41
Elaphoglossum_aemulum	41
Elaphoglossum_affine	58
Elaphoglossum_angulatum	41
Elaphoglossum_apodum	41
Elaphoglossum_burchellii	30
Elaphoglossum_callifolium	164
Elaphoglossum_conforme	41
Elaphoglossum_crassifolium	41
Elaphoglossum_crinitum	41
Elaphoglossum_cuspidatum	41
Elaphoglossum_deltoideum	30
Elaphoglossum_eggersii	41
Elaphoglossum_glabellum	30
Elaphoglossum_latifolium	41
Elaphoglossum_lindenii	60
Elaphoglossum_lingua	41
Elaphoglossum_luridum	41
Elaphoglossum_maxonii	41
Elaphoglossum_obovatum	29
Elaphoglossum_paleaceum	82
Elaphoglossum_petiolatum	30
Elaphoglossum_piloselloides	80
Elaphoglossum_pteropus	41
Elaphoglossum_rigidum	41
Elaphoglossum_stelligerum	82
Elaphoglossum_tectum	82
Elaphoglossum_vestitum	58
Elaphoglossum_vieillardii	82
Elaphoglossum_wawrae	41
Elaphoglossum_yoshinagae	41
Enterosora_trifurcata	37
Goniophlebium_argutum	35
Gymnogrammitis_dareiformis	36
Hypoderris_brownii	40
Lastreopsis_decomposita	41
Lastreopsis_hispida	41
Lastreopsis_tenera	41
Lastreopsis_vieillardii	41
Lepisorus_angustus	26
Lepisorus_annuifrons	35
Lepisorus_asterolepis	35
Lepisorus_bicolor	35
Lepisorus_boninensis	25
Lepisorus_clathratus	35
Lepisorus_contortus	23
Lepisorus_distans	35
Lepisorus_excavatus	35
Lepisorus_jakonensis	35
Lepisorus_kuchenensis	37
Lepisorus_longifolius	36
Lepisorus_loriformis	26
Lepisorus_macrosphaerus	35
Lepisorus_morrisonensis	70
Lepisorus_nudus	35
Lepisorus_oligolepidus	50
Lepisorus_onoei	25
Lepisorus_schraderi	72
Lepisorus_scolopendrium	31
Lepisorus_subconfluens	25
Lepisorus_suboligolepidus	70
Lepisorus_thunbergianus	25
Lepisorus_tosaensis	75
Lepisorus_uchiyamae	70
Lepisorus_ussuriensis	35
Leptochilus_axillaris	36
Leptochilus_decurrens	36
Leptochilus_ellipticus	36
Leptochilus_pothifolius	36
Lomariopsis_guineensis	39
Lomariopsis_hederacea	16
Lomariopsis_marginata	41
Lomariopsis_palustris	39
Lomariopsis_rossii	31
Lomariopsis_spectabilis	41
Loxogramme_involuta	35
Loxogramme_lanceolata	35
Loxogramme_salicifolia	35
Maxonia_apiifolia	41
Megalastrum_connexum	41
Megalastrum_subincisum	82
Melpomene_moniliformis	74
Microgramma_lindbergii	72
Microgramma_lycopodioides	37
Microgramma_piloselloides	74
Microgramma_reptans	37
Microgramma_squamulosa	37
Microgramma_vacciniifolia	36
Microsorum_punctatum	36
Microsorum_rubidum	36
Nephrolepis_biserrata	41
Nephrolepis_cordifolia	41
Nephrolepis_exaltata	41
Nephrolepis_falcata	82
Nephrolepis_hirsutula	41
Nephrolepis_obliterata	41
Nephrolepis_pectinata	82
Nephrolepis_pendula	41
Nephrolepis_rivularis	41
Nephrolepis_undulata	41
Niphidium_crassifolium	74
Oleandra_articulata	41
Oleandra_distenta	80
Oleandra_musifolia	40
Oleandra_pilosa	41
Oleandra_wallichii	41
Olfersia_cervina	41
Pecluma_alfredii	37
Pecluma_camptophyllaria	37
Pecluma_dispersa	74
Pecluma_divaricata	37
Pecluma_hygrometrica	37
Pecluma_paradiseae	37
Pecluma_pectinata	37
Pecluma_pilosa	37
Pecluma_plumula	74
Pecluma_recurvata	37
Pecluma_robusta	74
Pecluma_truncorum	37
Phanerophlebia_gastonyi	41
Phanerophlebia_juglandifolia	41
Phanerophlebia_nobilis	41
Phanerophlebia_remotispora	41
Phanerophlebia_umbonata	41
Phlebodium_aureum	37
Phlebodium_decumanum	37
Pichisermollodes_veitchii	72
Platycerium_bifurcatum	37
Pleocnemia_conjugata	41
Pleocnemia_cumingiana	41
Pleocnemia_hemiteliiformis	41
Pleocnemia_irregularis	40
Pleocnemia_olivacea	41
Pleopeltis_angusta	37
Pleopeltis_astrolepis	37
Pleopeltis_bombycina	37
Pleopeltis_macrocarpa	35
Pleopeltis_pleopeltifolia	35
Pleopeltis_remota	74
Pleopeltis_wiesbaurii	35
Pleurosoriopsis_makinoi	54
Polybotrya_caudata	41
Polybotrya_cylindrica	30
Polybotrya_osmundacea	41
Polypodium_amorphum	37
Polypodium_appalachianum	37
Polypodium_arcanum	37
Polypodium_californicum	37
Polypodium_cambricum	37
Polypodium_eatonii	37
Polypodium_echinolepis	37
Polypodium_fauriei	37
Polypodium_glycyrrhiza	36
Polypodium_hesperium	37
Polypodium_interjectum	111
Polypodium_pellucidum	37
Polypodium_plesiosorum	37
Polypodium_puberulum	37
Polypodium_rhodopleuron	37
Polypodium_scouleri	37
Polypodium_sibiricum	37
Polypodium_virginianum	37
Polypodium_vulgare	37
Polystichopsis_chaerophylloides	41
Polystichum_acanthophyllum	82
Polystichum_acrostichoides	41
Polystichum_aculeatum	41
Polystichum_acutidens	82
Polystichum_acutipinnulum	41
Polystichum_altum	82
Polystichum_andersonii	41
Polystichum_andinum	82
Polystichum_atkinsonii	41
Polystichum_bakerianum	41
Polystichum_biaristatum	41
Polystichum_braunii	82
Polystichum_californicum	41
Polystichum_chilense	82
Polystichum_concinnum	41
Polystichum_craspedosorum	40
Polystichum_deltodon	41
Polystichum_discretum	41
Polystichum_dudleyi	41
Polystichum_echinatum	82
Polystichum_erosum	82
Polystichum_formosanum	41
Polystichum_fugongense	41
Polystichum_grandifrons	41
Polystichum_haleakalense	82
Polystichum_hancockii	41
Polystichum_hillebrandii	41
Polystichum_imbricans	41
Polystichum_kruckebergii	82
Polystichum_lachenense	41
Polystichum_lemmonii	41
Polystichum_lentum	41
Polystichum_lonchitis	41
Polystichum_luctuosum	41
Polystichum_makinoi	80
Polystichum_manmeiense	82
Polystichum_mayebarae	123
Polystichum_microchlamys	41
Polystichum_mohrioides	41
Polystichum_montevidense	41
Polystichum_multifidum	82
Polystichum_munitum	41
Polystichum_muricatum	41
Polystichum_neolobatum	41
Polystichum_nepalense	41
Polystichum_obliquum	41
Polystichum_orbiculatum	41
Polystichum_ovatopaleaceum	82
Polystichum_parvipinnulum	41
Polystichum_piceopaleaceum	41
Polystichum_platyphyllum	41
Polystichum_plicatum	82
Polystichum_polyblepharum	41
Polystichum_prescottianum	41
Polystichum_pseudomakinoi	41
Polystichum_punctiferum	41
Polystichum_pungens	164
Polystichum_pycnolepis	41
Polystichum_retrosopaleaceum	41
Polystichum_rigens	82
Polystichum_scopulinum	41
Polystichum_semifertile	41
Polystichum_setiferum	41
Polystichum_setigerum	123
Polystichum_shimurae	82
Polystichum_speciosissimum	31
Polystichum_squarrosum	40
Polystichum_stimulans	41
Polystichum_subintegerrimum	164
Polystichum_talamancanum	41
Polystichum_tetragonum	82
Polystichum_thomsonii	82
Polystichum_transkeiense	82
Polystichum_xiphophyllum	82
Polystichum_yunnanense	82
Prosaptia_contigua	74
Pteridrys_australis	41
Pteridrys_cnemidaria	41
Pteridrys_syrmatica	41
Pyrrosia_adnascens	37
Pyrrosia_confluens	37
Pyrrosia_eleagnifolia	37
Pyrrosia_flocculosa	36
Pyrrosia_hastata	37
Pyrrosia_lanceolata	37
Pyrrosia_linearifolia	36
Pyrrosia_lingua	35
Pyrrosia_longifolia	37
Pyrrosia_mannii	37
Pyrrosia_nummulariifolia	37
Pyrrosia_petiolosa	36
Pyrrosia_porosa	36
Pyrrosia_stigmosa	37
Pyrrosia_subfurfuracea	37
Rumohra_adiantiformis	41
Rumohra_berteroana	41
Selliguea_feei	37
Selliguea_griffithiana	35
Selliguea_hastata	36
Selliguea_yakushimensis	36
Serpocaulon_fraxinifolium	37
Serpocaulon_ptilorhizon	37
Serpocaulon_triseriale	74
Stenogrammitis_delitescens	72
Stenogrammitis_hartii	33
Tectaria_angelicifolia	160
Tectaria_angulata	40
Tectaria_barberi	40
Tectaria_cicutaria	40
Tectaria_decurrens	40
Tectaria_dissecta	40
Tectaria_fauriei	40
Tectaria_fernandensis	40
Tectaria_fimbriata	40
Tectaria_fissa	40
Tectaria_gaudichaudii	40
Tectaria_gemmifera	40
Tectaria_griffithii	40
Tectaria_heracleifolia	40
Tectaria_impressa	40
Tectaria_incisa	80
Tectaria_paradoxa	40
Tectaria_polymorpha	40
Tectaria_remotipinna	40
Tectaria_sagenioides	40
Tectaria_simonsii	78
Tectaria_subtriphylla	40
Tectaria_trifoliata	40
Tectaria_vasta	78
Teratophyllum_ludens	41
Terpsichore_asplenifolia	37
Triplophyllum_funestum	82
Triplophyllum_jenseniae	82
Cyrtomium_caryotideum	41
Cyrtomium_yamamotoi	41
Dryopteris_deparioides	41
Dryopteris_erythrosora	41
Dryopteris_fuscipes	41
Dryopteris_hirtipes	41
Dryopteris_wallichiana	82
Polystichum_tripteron	41
