Adenophorus_hymenophylloides	(37 212)
Adenophorus_tripinnatifidus	(37 212)
Alansmia_cultrata	(37 212)
Arachniodes_amabilis	(41 216)
Arachniodes_aristata	(41 216)
Arachniodes_assamica	(80 255)
Arachniodes_carvifolia	(41 216)
Arachniodes_chinensis	(41 216)
Arachniodes_coniifolia	(41 216)
Arachniodes_denticulata	(82 257)
Arachniodes_festina	(41 216)
Arachniodes_hekiana	(41 216)
Arachniodes_henryi	(41 216)
Arachniodes_nigrospinosa	(41 216)
Arachniodes_nipponica	(41 216)
Arachniodes_pseudoaristata	(40 215)
Arachniodes_rhomboidea	(82 257)
Arachniodes_simplicior	(41 216)
Arachniodes_simulans	(82 257)
Arachniodes_standishii	(41 216)
Arthropteris_monocarpa	(41 216)
Arthropteris_orientalis	(41 216)
Arthropteris_palisotii	(41 216)
Arthropteris_tenella	(41 216)
Bolbitis_acrostichoides	(41 216)
Bolbitis_appendiculata	(41 216)
Bolbitis_auriculata	(82 257)
Bolbitis_heteroclita	(41 216)
Bolbitis_portoricensis	(41 216)
Bolbitis_rhizophylla	(41 216)
Bolbitis_semipinnatifida	(82 257)
Bolbitis_subcordata	(40 215)
Campyloneurum_anetioides	(74 249)
Campyloneurum_angustifolium	(74 249)
Campyloneurum_brevifolium	(37 212)
Campyloneurum_phyllitidis	(37 212)
Campyloneurum_repens	(74 249)
Campyloneurum_xalapense	(74 249)
Cochlidium_linearifolium	(36 211)
Ctenitis_cirrhosa	(40 215)
Ctenitis_decurrentipinnata	(41 216)
Ctenitis_eatonii	(41 216)
Ctenitis_iriomotensis	(41 216)
Ctenitis_sinii	(41 216)
Ctenitis_sloanei	(41 216)
Ctenitis_subglandulosa	(41 216)
Ctenitis_submarginalis	(41 216)
Ctenitis_vilis	(41 216)
Cyclodium_meniscioides	(30 205)
Cyclopeltis_crenata	(41 216)
Cyclopeltis_semicordata	(41 216)
Cyrtomium_aequibasis	(41 216)
Cyrtomium_chingianum	(82 257)
Cyrtomium_devexiscapulae	(82 257)
Cyrtomium_falcatum	(41 216)
Cyrtomium_fortunei	(41 216)
Cyrtomium_grossum	(82 257)
Cyrtomium_guizhouense	(41 216)
Cyrtomium_hemionitis	(123 298)
Cyrtomium_lonchitoides	(41 216)
Cyrtomium_macrophyllum	(82 257)
Cyrtomium_nephrolepioides	(82 257)
Cyrtomium_shingianum	(82 257)
Cyrtomium_urophyllum	(41 216)
Cyrtomium_yunnanense	(123 298)
Davallia_canariensis	(40 215)
Davallia_denticulata	(40 215)
Davallia_solida	(40 215)
Didymochlaena_truncatula	(41 216)
Drynaria_laurentii	(37 212)
Drynaria_mollis	(37 212)
Drynaria_propinqua	(36 211)
Drynaria_quercifolia	(36 211)
Drynaria_rigidula	(36 211)
Drynaria_sparsisora	(37 212)
Dryopteris_acutodentata	(41 216)
Dryopteris_alpestris	(41 216)
Dryopteris_amurensis	(41 216)
Dryopteris_antarctica	(82 257)
Dryopteris_arguta	(41 216)
Dryopteris_athamantica	(41 216)
Dryopteris_atrata	(41 216)
Dryopteris_barbigera	(41 216)
Dryopteris_blanfordii	(41 216)
Dryopteris_cacaina	(123 298)
Dryopteris_campyloptera	(82 257)
Dryopteris_carthusiana	(82 257)
Dryopteris_caucasica	(41 216)
Dryopteris_celsa	(82 257)
Dryopteris_championii	(41 216)
Dryopteris_chinensis	(80 255)
Dryopteris_chrysocoma	(41 216)
Dryopteris_clintoniana	(123 298)
Dryopteris_cochleata	(41 216)
Dryopteris_commixta	(82 257)
Dryopteris_conjugata	(41 216)
Dryopteris_crassirhizoma	(41 216)
Dryopteris_cristata	(41 216)
Dryopteris_cycadina	(41 216)
Dryopteris_decipiens	(41 216)
Dryopteris_dickinsii	(40 215)
Dryopteris_dilatata	(31 206)
Dryopteris_expansa	(41 216)
Dryopteris_filix-mas	(41 216)
Dryopteris_formosana	(41 216)
Dryopteris_fragrans	(41 216)
Dryopteris_futura	(41 216)
Dryopteris_goeringiana	(41 216)
Dryopteris_gymnophylla	(41 216)
Dryopteris_gymnosora	(82 257)
Dryopteris_handeliana	(41 216)
Dryopteris_hangchowensis	(41 216)
Dryopteris_himachalensis	(41 216)
Dryopteris_hondoensis	(82 257)
Dryopteris_inaequalis	(82 257)
Dryopteris_indusiata	(41 216)
Dryopteris_integriloba	(60 235)
Dryopteris_intermedia	(41 216)
Dryopteris_juxtaposita	(41 216)
Dryopteris_kilemensis	(41 216)
Dryopteris_kinkiensis	(82 257)
Dryopteris_labordei	(41 216)
Dryopteris_lacera	(41 216)
Dryopteris_lachoongensis	(41 216)
Dryopteris_lepidopoda	(82 257)
Dryopteris_lepidorachis	(82 257)
Dryopteris_ludoviciana	(41 216)
Dryopteris_manniana	(82 257)
Dryopteris_marginalis	(41 216)
Dryopteris_marginata	(41 216)
Dryopteris_melanocarpa	(41 216)
Dryopteris_mindshelkensis	(41 216)
Dryopteris_monticola	(41 216)
Dryopteris_namegatae	(123 298)
Dryopteris_pacifica	(41 216)
Dryopteris_panda	(41 216)
Dryopteris_patula	(41 216)
Dryopteris_peninsulae	(82 257)
Dryopteris_pentheri	(41 216)
Dryopteris_podophylla	(41 216)
Dryopteris_polita	(41 216)
Dryopteris_polylepis	(41 216)
Dryopteris_pulvinulifera	(41 216)
Dryopteris_pycnopteroides	(41 216)
Dryopteris_ramosa	(41 216)
Dryopteris_redactopinnata	(41 216)
Dryopteris_reflexosquamata	(41 216)
Dryopteris_remota	(23 198)
Dryopteris_rosthornii	(41 216)
Dryopteris_ryo-itoana	(123 298)
Dryopteris_sacrosancta	(123 298)
Dryopteris_saxifraga	(41 216)
Dryopteris_schimperiana	(41 216)
Dryopteris_scottii	(82 257)
Dryopteris_setosa	(41 216)
Dryopteris_sieboldii	(82 257)
Dryopteris_simasakii	(123 298)
Dryopteris_sordidipes	(41 216)
Dryopteris_sparsa	(41 216)
Dryopteris_stenolepis	(41 216)
Dryopteris_subexaltata	(41 216)
Dryopteris_sublacera	(60 235)
Dryopteris_submarginata	(82 257)
Dryopteris_subtriangularis	(123 298)
Dryopteris_tenuicula	(82 257)
Dryopteris_tokyoensis	(41 216)
Dryopteris_uniformis	(82 257)
Dryopteris_varia	(37 212)
Dryopteris_yoroii	(41 216)
Elaphoglossum_aemulum	(41 216)
Elaphoglossum_affine	(58 233)
Elaphoglossum_angulatum	(41 216)
Elaphoglossum_apodum	(41 216)
Elaphoglossum_burchellii	(30 205)
Elaphoglossum_callifolium	(164 339)
Elaphoglossum_conforme	(41 216)
Elaphoglossum_crassifolium	(41 216)
Elaphoglossum_crinitum	(41 216)
Elaphoglossum_cuspidatum	(41 216)
Elaphoglossum_deltoideum	(30 205)
Elaphoglossum_eggersii	(41 216)
Elaphoglossum_glabellum	(30 205)
Elaphoglossum_latifolium	(41 216)
Elaphoglossum_lindenii	(60 235)
Elaphoglossum_lingua	(41 216)
Elaphoglossum_luridum	(41 216)
Elaphoglossum_maxonii	(41 216)
Elaphoglossum_obovatum	(29 204)
Elaphoglossum_paleaceum	(82 257)
Elaphoglossum_petiolatum	(30 205)
Elaphoglossum_piloselloides	(80 255)
Elaphoglossum_pteropus	(41 216)
Elaphoglossum_rigidum	(41 216)
Elaphoglossum_stelligerum	(82 257)
Elaphoglossum_tectum	(82 257)
Elaphoglossum_vestitum	(58 233)
Elaphoglossum_vieillardii	(82 257)
Elaphoglossum_wawrae	(41 216)
Elaphoglossum_yoshinagae	(41 216)
Enterosora_trifurcata	(37 212)
Goniophlebium_argutum	(35 210)
Gymnogrammitis_dareiformis	(36 211)
Hypoderris_brownii	(40 215)
Lastreopsis_decomposita	(41 216)
Lastreopsis_hispida	(41 216)
Lastreopsis_tenera	(41 216)
Lastreopsis_vieillardii	(41 216)
Lepisorus_angustus	(26 201)
Lepisorus_annuifrons	(35 210)
Lepisorus_asterolepis	(35 210)
Lepisorus_bicolor	(35 210)
Lepisorus_boninensis	(25 200)
Lepisorus_clathratus	(35 210)
Lepisorus_contortus	(23 198)
Lepisorus_distans	(35 210)
Lepisorus_excavatus	(35 210)
Lepisorus_jakonensis	(35 210)
Lepisorus_kuchenensis	(37 212)
Lepisorus_longifolius	(36 211)
Lepisorus_loriformis	(26 201)
Lepisorus_macrosphaerus	(35 210)
Lepisorus_morrisonensis	(70 245)
Lepisorus_nudus	(35 210)
Lepisorus_oligolepidus	(50 225)
Lepisorus_onoei	(25 200)
Lepisorus_schraderi	(72 247)
Lepisorus_scolopendrium	(31 206)
Lepisorus_subconfluens	(25 200)
Lepisorus_suboligolepidus	(70 245)
Lepisorus_thunbergianus	(25 200)
Lepisorus_tosaensis	(75 250)
Lepisorus_uchiyamae	(70 245)
Lepisorus_ussuriensis	(35 210)
Leptochilus_axillaris	(36 211)
Leptochilus_decurrens	(36 211)
Leptochilus_ellipticus	(36 211)
Leptochilus_pothifolius	(36 211)
Lomariopsis_guineensis	(39 214)
Lomariopsis_hederacea	(16 191)
Lomariopsis_marginata	(41 216)
Lomariopsis_palustris	(39 214)
Lomariopsis_rossii	(31 206)
Lomariopsis_spectabilis	(41 216)
Loxogramme_involuta	(35 210)
Loxogramme_lanceolata	(35 210)
Loxogramme_salicifolia	(35 210)
Maxonia_apiifolia	(41 216)
Megalastrum_connexum	(41 216)
Megalastrum_subincisum	(82 257)
Melpomene_moniliformis	(74 249)
Microgramma_lindbergii	(72 247)
Microgramma_lycopodioides	(37 212)
Microgramma_piloselloides	(74 249)
Microgramma_reptans	(37 212)
Microgramma_squamulosa	(37 212)
Microgramma_vacciniifolia	(36 211)
Microsorum_punctatum	(36 211)
Microsorum_rubidum	(36 211)
Nephrolepis_biserrata	(41 216)
Nephrolepis_cordifolia	(41 216)
Nephrolepis_exaltata	(41 216)
Nephrolepis_falcata	(82 257)
Nephrolepis_hirsutula	(41 216)
Nephrolepis_obliterata	(41 216)
Nephrolepis_pectinata	(82 257)
Nephrolepis_pendula	(41 216)
Nephrolepis_rivularis	(41 216)
Nephrolepis_undulata	(41 216)
Niphidium_crassifolium	(74 249)
Oleandra_articulata	(41 216)
Oleandra_distenta	(80 255)
Oleandra_musifolia	(40 215)
Oleandra_pilosa	(41 216)
Oleandra_wallichii	(41 216)
Olfersia_cervina	(41 216)
Pecluma_alfredii	(37 212)
Pecluma_camptophyllaria	(37 212)
Pecluma_dispersa	(74 249)
Pecluma_divaricata	(37 212)
Pecluma_hygrometrica	(37 212)
Pecluma_paradiseae	(37 212)
Pecluma_pectinata	(37 212)
Pecluma_pilosa	(37 212)
Pecluma_plumula	(74 249)
Pecluma_recurvata	(37 212)
Pecluma_robusta	(74 249)
Pecluma_truncorum	(37 212)
Phanerophlebia_gastonyi	(41 216)
Phanerophlebia_juglandifolia	(41 216)
Phanerophlebia_nobilis	(41 216)
Phanerophlebia_remotispora	(41 216)
Phanerophlebia_umbonata	(41 216)
Phlebodium_aureum	(37 212)
Phlebodium_decumanum	(37 212)
Pichisermollodes_veitchii	(72 247)
Platycerium_bifurcatum	(37 212)
Pleocnemia_conjugata	(41 216)
Pleocnemia_cumingiana	(41 216)
Pleocnemia_hemiteliiformis	(41 216)
Pleocnemia_irregularis	(40 215)
Pleocnemia_olivacea	(41 216)
Pleopeltis_angusta	(37 212)
Pleopeltis_astrolepis	(37 212)
Pleopeltis_bombycina	(37 212)
Pleopeltis_macrocarpa	(35 210)
Pleopeltis_pleopeltifolia	(35 210)
Pleopeltis_remota	(74 249)
Pleopeltis_wiesbaurii	(35 210)
Pleurosoriopsis_makinoi	(54 229)
Polybotrya_caudata	(41 216)
Polybotrya_cylindrica	(30 205)
Polybotrya_osmundacea	(41 216)
Polypodium_amorphum	(37 212)
Polypodium_appalachianum	(37 212)
Polypodium_arcanum	(37 212)
Polypodium_californicum	(37 212)
Polypodium_cambricum	(37 212)
Polypodium_eatonii	(37 212)
Polypodium_echinolepis	(37 212)
Polypodium_fauriei	(37 212)
Polypodium_glycyrrhiza	(36 211)
Polypodium_hesperium	(37 212)
Polypodium_interjectum	(111 286)
Polypodium_pellucidum	(37 212)
Polypodium_plesiosorum	(37 212)
Polypodium_puberulum	(37 212)
Polypodium_rhodopleuron	(37 212)
Polypodium_scouleri	(37 212)
Polypodium_sibiricum	(37 212)
Polypodium_virginianum	(37 212)
Polypodium_vulgare	(37 212)
Polystichopsis_chaerophylloides	(41 216)
Polystichum_acanthophyllum	(82 257)
Polystichum_acrostichoides	(41 216)
Polystichum_aculeatum	(41 216)
Polystichum_acutidens	(82 257)
Polystichum_acutipinnulum	(41 216)
Polystichum_altum	(82 257)
Polystichum_andersonii	(41 216)
Polystichum_andinum	(82 257)
Polystichum_atkinsonii	(41 216)
Polystichum_bakerianum	(41 216)
Polystichum_biaristatum	(41 216)
Polystichum_braunii	(82 257)
Polystichum_californicum	(41 216)
Polystichum_chilense	(82 257)
Polystichum_concinnum	(41 216)
Polystichum_craspedosorum	(40 215)
Polystichum_deltodon	(41 216)
Polystichum_discretum	(41 216)
Polystichum_dudleyi	(41 216)
Polystichum_echinatum	(82 257)
Polystichum_erosum	(82 257)
Polystichum_formosanum	(41 216)
Polystichum_fugongense	(41 216)
Polystichum_grandifrons	(41 216)
Polystichum_haleakalense	(82 257)
Polystichum_hancockii	(41 216)
Polystichum_hillebrandii	(41 216)
Polystichum_imbricans	(41 216)
Polystichum_kruckebergii	(82 257)
Polystichum_lachenense	(41 216)
Polystichum_lemmonii	(41 216)
Polystichum_lentum	(41 216)
Polystichum_lonchitis	(41 216)
Polystichum_luctuosum	(41 216)
Polystichum_makinoi	(80 255)
Polystichum_manmeiense	(82 257)
Polystichum_mayebarae	(123 298)
Polystichum_microchlamys	(41 216)
Polystichum_mohrioides	(41 216)
Polystichum_montevidense	(41 216)
Polystichum_multifidum	(82 257)
Polystichum_munitum	(41 216)
Polystichum_muricatum	(41 216)
Polystichum_neolobatum	(41 216)
Polystichum_nepalense	(41 216)
Polystichum_obliquum	(41 216)
Polystichum_orbiculatum	(41 216)
Polystichum_ovatopaleaceum	(82 257)
Polystichum_parvipinnulum	(41 216)
Polystichum_piceopaleaceum	(41 216)
Polystichum_platyphyllum	(41 216)
Polystichum_plicatum	(82 257)
Polystichum_polyblepharum	(41 216)
Polystichum_prescottianum	(41 216)
Polystichum_pseudomakinoi	(41 216)
Polystichum_punctiferum	(41 216)
Polystichum_pungens	(164 339)
Polystichum_pycnolepis	(41 216)
Polystichum_retrosopaleaceum	(41 216)
Polystichum_rigens	(82 257)
Polystichum_scopulinum	(41 216)
Polystichum_semifertile	(41 216)
Polystichum_setiferum	(41 216)
Polystichum_setigerum	(123 298)
Polystichum_shimurae	(82 257)
Polystichum_speciosissimum	(31 206)
Polystichum_squarrosum	(40 215)
Polystichum_stimulans	(41 216)
Polystichum_subintegerrimum	(164 339)
Polystichum_talamancanum	(41 216)
Polystichum_tetragonum	(82 257)
Polystichum_thomsonii	(82 257)
Polystichum_transkeiense	(82 257)
Polystichum_xiphophyllum	(82 257)
Polystichum_yunnanense	(82 257)
Prosaptia_contigua	(74 249)
Pteridrys_australis	(41 216)
Pteridrys_cnemidaria	(41 216)
Pteridrys_syrmatica	(41 216)
Pyrrosia_adnascens	(37 212)
Pyrrosia_confluens	(37 212)
Pyrrosia_eleagnifolia	(37 212)
Pyrrosia_flocculosa	(36 211)
Pyrrosia_hastata	(37 212)
Pyrrosia_lanceolata	(37 212)
Pyrrosia_linearifolia	(36 211)
Pyrrosia_lingua	(35 210)
Pyrrosia_longifolia	(37 212)
Pyrrosia_mannii	(37 212)
Pyrrosia_nummulariifolia	(37 212)
Pyrrosia_petiolosa	(36 211)
Pyrrosia_porosa	(36 211)
Pyrrosia_stigmosa	(37 212)
Pyrrosia_subfurfuracea	(37 212)
Rumohra_adiantiformis	(41 216)
Rumohra_berteroana	(41 216)
Selliguea_feei	(37 212)
Selliguea_griffithiana	(35 210)
Selliguea_hastata	(36 211)
Selliguea_yakushimensis	(36 211)
Serpocaulon_fraxinifolium	(37 212)
Serpocaulon_ptilorhizon	(37 212)
Serpocaulon_triseriale	(74 249)
Stenogrammitis_delitescens	(72 247)
Stenogrammitis_hartii	(33 208)
Tectaria_angelicifolia	(160 335)
Tectaria_angulata	(40 215)
Tectaria_barberi	(40 215)
Tectaria_cicutaria	(40 215)
Tectaria_decurrens	(40 215)
Tectaria_dissecta	(40 215)
Tectaria_fauriei	(40 215)
Tectaria_fernandensis	(40 215)
Tectaria_fimbriata	(40 215)
Tectaria_fissa	(40 215)
Tectaria_gaudichaudii	(40 215)
Tectaria_gemmifera	(40 215)
Tectaria_griffithii	(40 215)
Tectaria_heracleifolia	(40 215)
Tectaria_impressa	(40 215)
Tectaria_incisa	(80 255)
Tectaria_paradoxa	(40 215)
Tectaria_polymorpha	(40 215)
Tectaria_remotipinna	(40 215)
Tectaria_sagenioides	(40 215)
Tectaria_simonsii	(78 253)
Tectaria_subtriphylla	(40 215)
Tectaria_trifoliata	(40 215)
Tectaria_vasta	(78 253)
Teratophyllum_ludens	(41 216)
Terpsichore_asplenifolia	(37 212)
Triplophyllum_funestum	(82 257)
Triplophyllum_jenseniae	(82 257)
Cyrtomium_caryotideum	(41 216)
Cyrtomium_yamamotoi	(41 216)
Dryopteris_deparioides	(41 216)
Dryopteris_erythrosora	(41 216)
Dryopteris_fuscipes	(41 216)
Dryopteris_hirtipes	(41 216)
Dryopteris_wallichiana	(82 257)
Polystichum_tripteron	(41 216)
