Acrostichum_aureum	(30 269)
Acrostichum_danaeifolium	(30 269)
Acrostichum_speciosum	(58 297)
Actiniopteris_australis	(87 326)
Actiniopteris_radiata	(29 268)
Adiantopsis_chlorophylla	(30 269)
Adiantopsis_radiata	(30 269)
Adiantopsis_tweediana	(30 269)
Adiantum_aleuticum	(29 268)
Adiantum_braunii	(30 269)
Adiantum_capillus-veneris	(30 269)
Adiantum_caudatum	(30 269)
Adiantum_concinnum	(58 297)
Adiantum_davidii	(120 359)
Adiantum_diaphanum	(58 297)
Adiantum_edgeworthii	(30 269)
Adiantum_excisum	(116 355)
Adiantum_flabellulatum	(58 297)
Adiantum_fructuosum	(60 299)
Adiantum_glaucescens	(59 298)
Adiantum_henslovianum	(58 297)
Adiantum_hispidulum	(80 319)
Adiantum_incisum	(30 269)
Adiantum_jordanii	(30 269)
Adiantum_latifolium	(60 299)
Adiantum_lucidum	(30 269)
Adiantum_macrophyllum	(30 269)
Adiantum_melanoleucum	(30 269)
Adiantum_monochlamys	(58 297)
Adiantum_obliquum	(60 299)
Adiantum_pedatum	(22 261)
Adiantum_peruvianum	(30 269)
Adiantum_petiolatum	(30 269)
Adiantum_poiretii	(228 467)
Adiantum_polyphyllum	(228 467)
Adiantum_pseudotinctum	(58 297)
Adiantum_pulverulentum	(30 269)
Adiantum_pyramidale	(30 269)
Adiantum_raddianum	(57 296)
Adiantum_reniforme	(150 389)
Adiantum_soboliferum	(60 299)
Adiantum_tenerum	(30 269)
Adiantum_terminatum	(60 299)
Adiantum_tetraphyllum	(30 269)
Adiantum_tracyi	(60 299)
Adiantum_trapeziforme	(30 269)
Adiantum_venustum	(30 269)
Adiantum_villosum	(30 269)
Adiantum_viridimontanum	(58 297)
Adiantum_wilesianum	(45 284)
Aleuritopteris_farinosa	(30 269)
Aleuritopteris_formosana	(30 269)
Aleuritopteris_leptolepis	(30 269)
Ananthacorus_angustifolius	(120 359)
Anogramma_leptophylla	(13 252)
Antrophyum_callifolium	(57 296)
Antrophyum_obovatum	(60 299)
Antrophyum_plantagineum	(45 284)
Argyrochosma_dealbata	(27 266)
Argyrochosma_delicatula	(27 266)
Argyrochosma_fendleri	(27 266)
Argyrochosma_formosa	(81 320)
Argyrochosma_incana	(27 266)
Argyrochosma_jonesii	(27 266)
Argyrochosma_microphylla	(27 266)
Argyrochosma_pallens	(27 266)
Aspidotis_californica	(30 269)
Aspidotis_carlotta-halliae	(30 269)
Aspidotis_densa	(30 269)
Aspidotis_meifolia	(30 269)
Astrolepis_cochisensis	(58 297)
Astrolepis_crassifolia	(58 297)
Astrolepis_integerrima	(87 326)
Astrolepis_sinuata	(87 326)
Bommeria_ehrenbergiana	(30 269)
Bommeria_elegans	(30 269)
Bommeria_hispida	(30 269)
Bommeria_pedata	(90 329)
Bommeria_subpaleacea	(30 269)
Calciphilopteris_ludens	(116 355)
Ceratopteris_cornuta	(39 278)
Ceratopteris_pteridoides	(39 278)
Ceratopteris_richardii	(39 278)
Ceratopteris_thalictroides	(30 269)
Cerosora_microphylla	(58 297)
Cheilanthes_buchtienii	(30 269)
Cheilanthes_hieronymi	(60 299)
Cheilanthes_leucopoda	(30 269)
Cheilanthes_micropteris	(60 299)
Cheilanthes_nudiuscula	(42 281)
Cheilanthes_obducta	(30 269)
Cheilanthes_pilosa	(60 299)
Cheilanthes_squamosa	(30 269)
Coniogramme_affinis	(30 269)
Coniogramme_africana	(60 299)
Coniogramme_fraxinea	(30 269)
Coniogramme_intermedia	(30 269)
Coniogramme_japonica	(30 269)
Coniogramme_procera	(30 269)
Coniogramme_rosthornii	(60 299)
Cryptogramma_acrostichoides	(30 269)
Cryptogramma_brunoniana	(30 269)
Cryptogramma_cascadensis	(30 269)
Cryptogramma_crispa	(30 269)
Cryptogramma_sitchensis	(60 299)
Cryptogramma_stelleri	(28 267)
Doryopteris_concolor	(30 269)
Doryopteris_kirkii	(30 269)
Doryopteris_nobilis	(60 299)
Hemionitis_palmata	(30 269)
Hemionitis_rufa	(30 269)
Jamesonia_bogotensis	(87 326)
Jamesonia_scammaniae	(87 326)
Llavea_cordifolia	(29 268)
Mildella_fallax	(90 329)
Myriopteris_covillei	(30 269)
Notholaena_aschenborniana	(45 284)
Notholaena_bryopoda	(30 269)
Notholaena_californica	(75 314)
Notholaena_candida	(30 269)
Notholaena_galeottii	(45 284)
Notholaena_grayi	(30 269)
Notholaena_greggii	(30 269)
Notholaena_lemmonii	(30 269)
Notholaena_neglecta	(30 269)
Notholaena_rigida	(15 254)
Notholaena_rosei	(30 269)
Notholaena_schaffneri	(30 269)
Notholaena_sulphurea	(30 269)
Onychium_plumosum	(58 297)
Onychium_siliculosum	(29 268)
Onychium_tenuifrons	(29 268)
Parahemionitis_arifolia	(90 329)
Pellaea_andromedifolia	(29 268)
Pellaea_atropurpurea	(87 326)
Pellaea_boivinii	(30 269)
Pellaea_breweri	(29 268)
Pellaea_bridgesii	(29 268)
Pellaea_calomelanos	(45 284)
Pellaea_cordifolia	(29 268)
Pellaea_intermedia	(87 326)
Pellaea_mucronata	(29 268)
Pellaea_notabilis	(29 268)
Pellaea_ovata	(29 268)
Pellaea_rotundifolia	(58 297)
Pellaea_rufa	(58 297)
Pellaea_sagittata	(29 268)
Pellaea_ternifolia	(29 268)
Pellaea_truncata	(29 268)
Pellaea_villosa	(58 297)
Pellaea_wrightiana	(29 268)
Pentagramma_pallida	(30 269)
Pityrogramma_calomelanos	(120 359)
Pityrogramma_sulphurea	(60 299)
Pityrogramma_trifoliata	(58 297)
Polytaenium_cajenense	(60 299)
Polytaenium_feei	(60 299)
Polytaenium_lineatum	(60 299)
Pteris_actiniopteroides	(29 268)
Pteris_altissima	(58 297)
Pteris_amoena	(58 297)
Pteris_aspericaulis	(29 268)
Pteris_bahamensis	(58 297)
Pteris_bella	(29 268)
Pteris_berteroana	(29 268)
Pteris_biaurita	(29 268)
Pteris_buchananii	(29 268)
Pteris_burtonii	(29 268)
Pteris_cadieri	(87 326)
Pteris_camerooniana	(29 268)
Pteris_catoptera	(29 268)
Pteris_cretica	(29 268)
Pteris_dactylina	(44 283)
Pteris_deltodon	(53 292)
Pteris_dentata	(29 268)
Pteris_denticulata	(116 355)
Pteris_dispar	(29 268)
Pteris_ensiformis	(29 268)
Pteris_esquirolii	(45 284)
Pteris_fauriei	(29 268)
Pteris_formosana	(29 268)
Pteris_friesii	(29 268)
Pteris_grandifolia	(58 297)
Pteris_grevilleana	(29 268)
Pteris_haenkeana	(58 297)
Pteris_henryi	(29 268)
Pteris_hexagona	(58 297)
Pteris_kidoi	(29 268)
Pteris_kiuschiuensis	(29 268)
Pteris_linearis	(29 268)
Pteris_longifolia	(29 268)
Pteris_longipes	(29 268)
Pteris_multifida	(55 294)
Pteris_oshimensis	(29 268)
Pteris_platyzomopsis	(38 277)
Pteris_podophylla	(29 268)
Pteris_pungens	(29 268)
Pteris_quadriaurita	(29 268)
Pteris_roseolilacina	(29 268)
Pteris_ryukyuensis	(58 297)
Pteris_semipinnata	(58 297)
Pteris_setulosocostulata	(29 268)
Pteris_similis	(29 268)
Pteris_stenophylla	(29 268)
Pteris_togoensis	(29 268)
Pteris_tremula	(116 355)
Pteris_tripartita	(29 268)
Pteris_vittata	(29 268)
Pteris_wallichiana	(29 268)
Pteris_wulaiensis	(29 268)
Taenitis_blechnoides	(44 283)
Taenitis_pinnata	(108 347)
Trachypteris_pinnata	(29 268)
Vittaria_lineata	(29 268)
Adiantum_chilense	(30 269)
Argyrochosma_limitanea	(81 320)
Argyrochosma_nivea	(27 266)
Doryopteris_pedata	(29 268)
Onychium_japonicum	(29 268)
Onychium_moupinense	(87 326)
Pellaea_glabella	(29 268)
Pentagramma_triangularis	(30 269)
