e88	(3 38)
e135	(6 41)
e142	(6 41)
e175	(3 38)
e176	(3 38)
e203	(3 38)
e204	(3 38)
e205	(4 39)
e215	(3 38)
e265	(9 44)
e285	(18 53)
e360	(12 47)
e361	(12 47)
e382	(12 47)
e383	(12 47)
e390	(7 42)
e401	(12 47)
e404	(18 53)
e409	(12 47)
e412	(12 47)
e418	(6 41)
e459	(8 43)
e464	(12 47)
e472	(24 59)
e473	(12 47)
e484	(7 42)
e485	(6 41)
e498	(6 41)
e512	(6 41)
e514	(12 47)
e520	(6 41)
e542	(9 44)
e548	(12 47)
e554	(12 47)
e563	(12 47)
e570	(11 46)
e575	(12 47)
e587	(12 47)
e589	(12 47)
e659	(7 42)
e709	(1 36)
e710	(2 37)
e712	(2 37)
e760	(6 41)
e783	(6 41)
e790	(6 41)
e797	(12 47)
e896	(4 39)
e906	(4 39)
e910	(4 39)
e950	(3 38)
e991	(8 43)
e994	(4 39)
e995	(4 39)
e1018	(8 43)
e1030	(4 39)
e1031	(4 39)
e1040	(8 43)
e1046	(16 51)
e1048	(16 51)
e1052	(16 51)
e1068	(4 39)
e1106	(8 43)
e1359	(8 43)
e1363	(4 39)
e1385	(6 41)
e1455	(6 41)
e1458	(6 41)
e1459	(6 41)
e1480	(4 39)
e1487	(8 43)
e1519	(4 39)
e1525	(4 39)
e1527	(4 39)
e1531	(4 39)
e1536	(4 39)
e1563	(4 39)
e1580	(4 39)
e1603	(4 39)
e1647	(4 39)
e1684	(4 39)
e1718	(18 53)
e1719	(18 53)
e1733	(9 44)
e1738	(9 44)
e1807	(24 59)
e1849	(12 47)
e1850	(12 47)
e1861	(5 40)
e2006	(7 42)
e2009	(7 42)
e2035	(7 42)
e2064	(11 46)
e2072	(11 46)
e2082	(1 36)
e2125	(9 44)
e2158	(18 53)
e2168	(18 53)
e2203	(1 36)
e2233	(7 42)
e2246	(4 39)
e2342	(4 39)
e2403	(1 36)
e2419	(21 56)
e2586	(8 43)
e2660	(8 43)
e2679	(8 43)
e2695	(7 42)
e2704	(7 42)
e2758	(8 43)
e2767	(8 43)
e2784	(16 51)
e2788	(8 43)
e2826	(16 51)
e2900	(4 39)
e2943	(4 39)
e2949	(4 39)
e3298	(22 57)
e3312	(24 59)
e3346	(12 47)
e3349	(12 47)
e3350	(12 47)
e3439	(7 42)
e3552	(8 43)
e3559	(8 43)
e3579	(16 51)
e3637	(1 36)
e3655	(16 51)
e3671	(8 43)
e3673	(9 44)
e3701	(8 43)
e3716	(8 43)
e3748	(4 39)
e3763	(4 39)
e3788	(4 39)
e3839	(16 51)
e3860	(4 39)
e3862	(4 39)
e3865	(4 39)
e3911	(4 39)
e3913	(4 39)
e3914	(4 39)
e3982	(1 36)
e3986	(2 37)
e3987	(2 37)
e3989	(2 37)
e4002	(4 39)
e4005	(4 39)
e4097	(8 43)
e4104	(16 51)
e4138	(4 39)
e4152	(8 43)
e4154	(8 43)
e4158	(4 39)
e4159	(4 39)
e4189	(4 39)
e4232	(4 39)
e4262	(4 39)
e4279	(4 39)
e4359	(10 45)
e4361	(10 45)
e4369	(10 45)
e4376	(1 36)
e4391	(4 39)
e4425	(10 45)
e4478	(5 40)
e4515	(5 40)
e4516	(5 40)
e4545	(10 45)
e4700	(24 59)
e4709	(24 59)
e4710	(24 59)
e4712	(24 59)
e4713	(24 59)
e4726	(24 59)
e4734	(12 47)
e4736	(12 47)
e4737	(12 47)
e4756	(24 59)
e4761	(12 47)
e4797	(12 47)
e4809	(12 47)
e4816	(12 47)
e4828	(12 47)
e4851	(12 47)
e4856	(18 53)
e4874	(12 47)
e4878	(12 47)
e4883	(12 47)
e4933	(16 51)
e4936	(16 51)
e5005	(8 43)
e5043	(9 44)
e5069	(8 43)
e5077	(8 43)
e5113	(8 43)
e5127	(8 43)
e5187	(8 43)
e5227	(12 47)
e5234	(12 47)
e5240	(12 47)
e5242	(12 47)
e5244	(12 47)
e5314	(8 43)
e5356	(4 39)
e5411	(4 39)
e5422	(4 39)
e5449	(4 39)
e5469	(8 43)
e5471	(4 39)
e5472	(4 39)
e5476	(4 39)
e5478	(4 39)
e5488	(4 39)
e5489	(4 39)
e5491	(4 39)
e5519	(4 39)
e5524	(6 41)
e5552	(4 39)
e5572	(4 39)
e5577	(3 38)
e5595	(4 39)
e5617	(1 36)
e5663	(4 39)
e5668	(4 39)
e5696	(4 39)
e5712	(4 39)
e5717	(4 39)
e5719	(4 39)
e5723	(1 36)
e5725	(4 39)
e5774	(4 39)
e5782	(8 43)
e5875	(12 47)
e5914	(12 47)
e5917	(12 47)
e6091	(3 38)
e6099	(3 38)
e6102	(6 41)
e6172	(7 42)
e6207	(6 41)
e6215	(16 51)
e6225	(7 42)
e6259	(7 42)
e6275	(7 42)
e6278	(7 42)
e6294	(7 42)
e6307	(12 47)
e6309	(7 42)
e6316	(7 42)
e6334	(14 49)
e6364	(7 42)
e6398	(7 42)
e6413	(14 49)
e6464	(9 44)
e6501	(14 49)
e6510	(14 49)
e6518	(18 53)
e6528	(14 49)
e6529	(14 49)
e6550	(14 49)
e6562	(20 55)
e6595	(10 45)
e6639	(7 42)
e6643	(7 42)
e6882	(16 51)
e6885	(16 51)
e7009	(15 50)
e7027	(22 57)
e7039	(22 57)
e7065	(7 42)
e7066	(15 50)
e7083	(15 50)
e7088	(15 50)
e7109	(14 49)
e7177	(15 50)
e7300	(23 58)
e7321	(24 59)
e7364	(24 59)
e7433	(24 59)
e7449	(24 59)
e7487	(24 59)
e7490	(24 59)
e7505	(24 59)
e7510	(24 59)
e7527	(23 58)
e7531	(23 58)
e7533	(23 58)
e7564	(24 59)
e7756	(17 52)
e7762	(10 45)
e7766	(17 52)
e7771	(17 52)
e7776	(17 52)
e7811	(16 51)
e7823	(17 52)
e7847	(16 51)
e7865	(17 52)
e7868	(17 52)
e7874	(17 52)
e7937	(17 52)
e7958	(17 52)
