e298	22
e300	23
e305	22
e311	22
e330	22
e357	22
e380	22
e385	22
e401	22
e402	22
e408	22
e419	22
e485	22
e486	22
e546	22
e572	16
e597	16
e598	16
e601	16
e606	16
e613	16
e637	16
e686	16
e791	15
e839	24
e844	24
e856	24
e859	24
e874	23
e875	24
e886	24
e965	16
e981	16
e983	16
e1062	24
e1074	24
e1080	24
e1082	23
e1083	24
e1103	24
e1147	24
e1238	13
e1239	13
e1240	13
e1255	13
e1310	13
e1314	11
e1319	11
e1500	13
e1585	16
e1586	16
e1589	16
e1595	16
e1599	16
e1627	16
e1648	16
e1649	16
e1667	16
e1681	16
e1687	16
e1716	15
e1721	15
e1732	15
e1758	15
e1780	15
e1808	16
e2080	13
e2159	16
e2306	16
e2307	16
e2310	16
e2314	16
e2324	16
e2427	24
e2429	24
e2430	24
e2462	12
e2518	16
e2533	24
e2540	16
e2558	16
e2559	16
e2570	10
e2626	15
e2636	16
e2639	16
e2641	16
e2690	16
e2709	15
e2715	15
e2716	15
e2820	16
e2826	16
e2878	16
e2895	24
e2898	15
e2927	16
e2929	16
e2988	16
e3010	16
e3017	16
e3026	22
e3031	9
e3032	23
e3049	16
e3052	16
e3059	16
e3063	11
e3110	16
e3113	16
e3116	16
e3119	16
e3121	16
e3176	6
e3189	24
e3194	24
e3199	16
e3245	16
e3259	15
e3275	15
e3277	16
e3279	16
e3285	24
e3296	16
e3309	16
e3317	12
e3335	16
e3339	16
e3349	16
e3398	16
e3472	16
e3503	16
e3504	16
e3506	16
e3546	18
e3872	16
e3882	16
e3887	16
e4129	7
e4146	7
e4159	8
e4185	7
e4187	7
e4188	7
e4190	7
e4193	7
e4227	10
e4236	15
e4238	15
e4241	15
e4314	5
e4315	11
e4317	7
e4327	7
e4347	7
e4433	1
e4474	20
e4485	20
e4491	20
e4495	20
e4510	20
e4512	20
e4529	20
e4566	1
e4595	7
e4596	7
e4617	1
e4724	7
e4725	7
e4731	7
e4743	7
e4750	8
e4763	7
e4764	14
e4802	6
e4806	6
e4811	14
e4813	7
e4818	14
e4820	13
e4821	13
e4847	7
e4851	7
e4852	7
e4854	14
e4864	12
e4868	12
e4876	12
e4946	7
e4979	14
e5010	14
e5074	24
e5077	17
e5101	15
e5110	16
e5128	11
e5137	11
e5225	1
e5226	1
e5242	2
e5257	1
e5262	1
e5263	1
e5264	1
e5271	1
e5274	1
e5299	1
e5591	9
e5673	9
e5676	18
e5685	13
e5815	4
e5832	6
e5841	6
e5857	6
e5858	5
e5862	5
e5870	6
e5879	2
e5903	6
e5942	6
e5988	6
e5997	2
e6019	6
e6144	3
e6204	2
e6225	4
e6232	1
e6255	4
e6262	6
e6263	11
e6268	4
e6270	8
e6277	4
e6288	4
e6294	4
e6296	4
e6302	4
e6401	8
e6411	8
e6443	8
e6463	8
e6464	8
e6494	8
e6496	8
e6500	8
e6523	8
e6536	8
e6538	8
e6586	8
e6621	8
e6630	8
e6631	8
e6632	15
e6644	8
e6665	8
e6674	8
e6679	16
e6688	8
e6703	8
e6713	8
e6719	8
e6722	8
e6725	8
e6735	8
e6747	8
e6877	14
e6903	14
e6909	14
e6915	14
e6944	14
e6950	14
e7034	12
e7061	14
e7071	12
e7093	14
e7100	21
e7144	14
e7145	14
e7148	14
e7201	15
e7202	15
e7225	15
e7226	15
e7324	23
e7356	15
e7360	15
e7361	15
e7362	15
e7414	24
e7417	24
e7427	16
e7442	16
e7444	16
e7529	15
e7538	15
e7545	15
e7588	15
e7634	15
e7689	15
e7690	15
e7746	15
e7754	14
e7757	14
e7763	14
e7767	14
e7775	14
e7776	14
e7799	15
e7800	15
e7802	22
e7816	15
e7819	17
e7832	15
e7833	15
e7836	15
e7847	15
e7849	15
e7853	15
e7879	14
e7953	15
e7957	15
e7960	6
e7962	15
e8078	15
e8092	23
e8103	23
e8202	15
e8336	21
e8350	21
