Acrostichum_aureum	30
Acrostichum_danaeifolium	30
Acrostichum_speciosum	58
Actiniopteris_australis	87
Actiniopteris_radiata	29
Adiantopsis_chlorophylla	30
Adiantopsis_radiata	30
Adiantopsis_tweediana	30
Adiantum_aleuticum	29
Adiantum_braunii	30
Adiantum_capillus-veneris	30
Adiantum_caudatum	30
Adiantum_concinnum	58
Adiantum_davidii	120
Adiantum_diaphanum	58
Adiantum_edgeworthii	30
Adiantum_excisum	116
Adiantum_flabellulatum	58
Adiantum_fructuosum	60
Adiantum_glaucescens	59
Adiantum_henslovianum	58
Adiantum_hispidulum	80
Adiantum_incisum	30
Adiantum_jordanii	30
Adiantum_latifolium	60
Adiantum_lucidum	30
Adiantum_macrophyllum	30
Adiantum_melanoleucum	30
Adiantum_monochlamys	58
Adiantum_obliquum	60
Adiantum_pedatum	22
Adiantum_peruvianum	30
Adiantum_petiolatum	30
Adiantum_poiretii	228
Adiantum_polyphyllum	228
Adiantum_pseudotinctum	58
Adiantum_pulverulentum	30
Adiantum_pyramidale	30
Adiantum_raddianum	57
Adiantum_reniforme	150
Adiantum_soboliferum	60
Adiantum_tenerum	30
Adiantum_terminatum	60
Adiantum_tetraphyllum	30
Adiantum_tracyi	60
Adiantum_trapeziforme	30
Adiantum_venustum	30
Adiantum_villosum	30
Adiantum_viridimontanum	58
Adiantum_wilesianum	45
Aleuritopteris_farinosa	30
Aleuritopteris_formosana	30
Aleuritopteris_leptolepis	30
Ananthacorus_angustifolius	120
Anogramma_leptophylla	13
Antrophyum_callifolium	57
Antrophyum_obovatum	60
Antrophyum_plantagineum	45
Argyrochosma_dealbata	27
Argyrochosma_delicatula	27
Argyrochosma_fendleri	27
Argyrochosma_formosa	81
Argyrochosma_incana	27
Argyrochosma_jonesii	27
Argyrochosma_microphylla	27
Argyrochosma_pallens	27
Aspidotis_californica	30
Aspidotis_carlotta-halliae	30
Aspidotis_densa	30
Aspidotis_meifolia	30
Astrolepis_cochisensis	58
Astrolepis_crassifolia	58
Astrolepis_integerrima	87
Astrolepis_sinuata	87
Bommeria_ehrenbergiana	30
Bommeria_elegans	30
Bommeria_hispida	30
Bommeria_pedata	90
Bommeria_subpaleacea	30
Calciphilopteris_ludens	116
Ceratopteris_cornuta	39
Ceratopteris_pteridoides	39
Ceratopteris_richardii	39
Ceratopteris_thalictroides	30
Cerosora_microphylla	58
Cheilanthes_buchtienii	30
Cheilanthes_hieronymi	60
Cheilanthes_leucopoda	30
Cheilanthes_micropteris	60
Cheilanthes_nudiuscula	42
Cheilanthes_obducta	30
Cheilanthes_pilosa	60
Cheilanthes_squamosa	30
Coniogramme_affinis	30
Coniogramme_africana	60
Coniogramme_fraxinea	30
Coniogramme_intermedia	30
Coniogramme_japonica	30
Coniogramme_procera	30
Coniogramme_rosthornii	60
Cryptogramma_acrostichoides	30
Cryptogramma_brunoniana	30
Cryptogramma_cascadensis	30
Cryptogramma_crispa	30
Cryptogramma_sitchensis	60
Cryptogramma_stelleri	28
Doryopteris_concolor	30
Doryopteris_kirkii	30
Doryopteris_nobilis	60
Hemionitis_palmata	30
Hemionitis_rufa	30
Jamesonia_bogotensis	87
Jamesonia_scammaniae	87
Llavea_cordifolia	29
Mildella_fallax	90
Myriopteris_covillei	30
Notholaena_aschenborniana	45
Notholaena_bryopoda	30
Notholaena_californica	75
Notholaena_candida	30
Notholaena_galeottii	45
Notholaena_grayi	30
Notholaena_greggii	30
Notholaena_lemmonii	30
Notholaena_neglecta	30
Notholaena_rigida	15
Notholaena_rosei	30
Notholaena_schaffneri	30
Notholaena_sulphurea	30
Onychium_plumosum	58
Onychium_siliculosum	29
Onychium_tenuifrons	29
Parahemionitis_arifolia	90
Pellaea_andromedifolia	29
Pellaea_atropurpurea	87
Pellaea_boivinii	30
Pellaea_breweri	29
Pellaea_bridgesii	29
Pellaea_calomelanos	45
Pellaea_cordifolia	29
Pellaea_intermedia	87
Pellaea_mucronata	29
Pellaea_notabilis	29
Pellaea_ovata	29
Pellaea_rotundifolia	58
Pellaea_rufa	58
Pellaea_sagittata	29
Pellaea_ternifolia	29
Pellaea_truncata	29
Pellaea_villosa	58
Pellaea_wrightiana	29
Pentagramma_pallida	30
Pityrogramma_calomelanos	120
Pityrogramma_sulphurea	60
Pityrogramma_trifoliata	58
Polytaenium_cajenense	60
Polytaenium_feei	60
Polytaenium_lineatum	60
Pteris_actiniopteroides	29
Pteris_altissima	58
Pteris_amoena	58
Pteris_aspericaulis	29
Pteris_bahamensis	58
Pteris_bella	29
Pteris_berteroana	29
Pteris_biaurita	29
Pteris_buchananii	29
Pteris_burtonii	29
Pteris_cadieri	87
Pteris_camerooniana	29
Pteris_catoptera	29
Pteris_cretica	29
Pteris_dactylina	44
Pteris_deltodon	53
Pteris_dentata	29
Pteris_denticulata	116
Pteris_dispar	29
Pteris_ensiformis	29
Pteris_esquirolii	45
Pteris_fauriei	29
Pteris_formosana	29
Pteris_friesii	29
Pteris_grandifolia	58
Pteris_grevilleana	29
Pteris_haenkeana	58
Pteris_henryi	29
Pteris_hexagona	58
Pteris_kidoi	29
Pteris_kiuschiuensis	29
Pteris_linearis	29
Pteris_longifolia	29
Pteris_longipes	29
Pteris_multifida	55
Pteris_oshimensis	29
Pteris_platyzomopsis	38
Pteris_podophylla	29
Pteris_pungens	29
Pteris_quadriaurita	29
Pteris_roseolilacina	29
Pteris_ryukyuensis	58
Pteris_semipinnata	58
Pteris_setulosocostulata	29
Pteris_similis	29
Pteris_stenophylla	29
Pteris_togoensis	29
Pteris_tremula	116
Pteris_tripartita	29
Pteris_vittata	29
Pteris_wallichiana	29
Pteris_wulaiensis	29
Taenitis_blechnoides	44
Taenitis_pinnata	108
Trachypteris_pinnata	29
Vittaria_lineata	29
Adiantum_chilense	30
Argyrochosma_limitanea	81
Argyrochosma_nivea	27
Doryopteris_pedata	29
Onychium_japonicum	29
Onychium_moupinense	87
Pellaea_glabella	29
Pentagramma_triangularis	30
