e116	(22 57)
e117	(22 57)
e122	(11 46)
e154	(12 47)
e201	(12 47)
e241	(20 55)
e367	(21 56)
e453	(22 57)
e568	(22 57)
e574	(22 57)
e579	(22 57)
e588	(21 56)
e589	(21 56)
e799	(23 58)
e868	(23 58)
e1000	(22 57)
e1003	(22 57)
e1004	(22 57)
e1005	(22 57)
e1105	(22 57)
e1330	(18 53)
e1442	(11 46)
e1458	(11 46)
e1467	(11 46)
e1501	(24 59)
e1511	(23 58)
e1513	(24 59)
e1536	(12 47)
e1548	(12 47)
e1574	(12 47)
e1622	(16 51)
e1629	(22 57)
e1643	(12 47)
e1650	(12 47)
e1675	(18 53)
e1676	(18 53)
e1678	(18 53)
e1679	(18 53)
e1703	(10 45)
e1894	(15 50)
e1932	(15 50)
e1968	(15 50)
e1977	(15 50)
e1994	(15 50)
e2006	(15 50)
e2013	(15 50)
e2030	(22 57)
e2056	(15 50)
e2104	(14 49)
e2105	(14 49)
e2165	(14 49)
e2181	(14 49)
e2185	(14 49)
e2202	(13 48)
e2211	(14 49)
e2212	(14 49)
e2404	(24 59)
e2407	(24 59)
e2408	(24 59)
e2409	(24 59)
e2411	(24 59)
e2413	(24 59)
e2431	(23 58)
e2471	(24 59)
e2496	(24 59)
e2639	(24 59)
e2718	(24 59)
e2766	(23 58)
e2773	(24 59)
e2850	(21 56)
e2970	(15 50)
e2971	(15 50)
e2973	(15 50)
e3017	(15 50)
e3020	(15 50)
e3046	(15 50)
e3124	(7 42)
e3125	(7 42)
e3128	(7 42)
e3131	(7 42)
e3147	(5 40)
e3152	(5 40)
e3154	(5 40)
e3178	(14 49)
e3196	(7 42)
e3202	(7 42)
e3219	(14 49)
e3327	(8 43)
e3357	(16 51)
e3391	(16 51)
e3393	(16 51)
e3404	(16 51)
e3417	(7 42)
e3419	(7 42)
e3490	(6 41)
e3511	(8 43)
e3512	(8 43)
e3602	(9 44)
e3605	(10 45)
e3645	(9 44)
e3670	(9 44)
e3693	(13 48)
e3743	(18 53)
e3744	(18 53)
e3745	(18 53)
e3751	(18 53)
e3763	(9 44)
e3772	(18 53)
e3774	(17 52)
e3777	(9 44)
e3821	(10 45)
e3836	(20 55)
e3922	(20 55)
e4001	(5 40)
e4074	(16 51)
e4078	(24 59)
e4082	(16 51)
e4088	(16 51)
e4111	(24 59)
e4118	(16 51)
e4134	(16 51)
e4145	(16 51)
e4150	(16 51)
e4155	(16 51)
e4372	(15 50)
e4374	(15 50)
e4465	(12 47)
e4488	(22 57)
e4492	(21 56)
e4553	(13 48)
e4559	(13 48)
e4587	(13 48)
e4588	(13 48)
e4610	(13 48)
e4619	(13 48)
e4620	(13 48)
e4652	(12 47)
e4660	(24 59)
e4685	(24 59)
e4716	(13 48)
e4717	(13 48)
e4724	(13 48)
e4734	(13 48)
e4736	(13 48)
e4742	(13 48)
e4744	(13 48)
e4750	(13 48)
e4755	(19 54)
e4759	(20 55)
e4767	(13 48)
e4769	(13 48)
e4929	(14 49)
e4960	(22 57)
e4972	(23 58)
e5033	(24 59)
e5034	(24 59)
e5036	(24 59)
e5040	(24 59)
e5098	(16 51)
e5214	(15 50)
e5216	(15 50)
e5421	(16 51)
e5597	(15 50)
e5615	(16 51)
e5742	(15 50)
e5743	(15 50)
e5750	(15 50)
e5751	(15 50)
e5880	(16 51)
e5942	(16 51)
e6085	(18 53)
e6088	(17 52)
e6496	(14 49)
e6499	(14 49)
e6500	(14 49)
e6505	(14 49)
e6510	(14 49)
e6512	(13 48)
e6526	(16 51)
e6564	(7 42)
e6567	(7 42)
e6605	(8 43)
e6700	(9 44)
e6759	(24 59)
e6785	(12 47)
e6793	(12 47)
e6808	(12 47)
e6834	(10 45)
e6850	(16 51)
e6872	(10 45)
e6884	(16 51)
e6888	(8 43)
e6890	(8 43)
e6892	(8 43)
e6952	(18 53)
e6954	(9 44)
e6956	(18 53)
e6958	(9 44)
e7021	(22 57)
e7028	(11 46)
e7070	(22 57)
e7103	(22 57)
e7109	(11 46)
e7123	(9 44)
e7125	(9 44)
e7126	(18 53)
e7179	(12 47)
e7180	(18 53)
e7181	(18 53)
e7185	(18 53)
e7240	(12 47)
e7245	(12 47)
e7289	(12 47)
e7332	(24 59)
e7339	(24 59)
e7360	(12 47)
e7423	(6 41)
e7443	(24 59)
e7453	(13 48)
e7455	(12 47)
e7459	(24 59)
e7560	(14 49)
e7566	(7 42)
e7593	(11 46)
e7600	(11 46)
e7681	(14 49)
e7797	(7 42)
e7832	(10 45)
e7833	(10 45)
e7887	(14 49)
e7910	(8 43)
e7927	(18 53)
e7929	(18 53)
e8081	(14 49)
e8114	(6 41)
e8149	(7 42)
e8150	(7 42)
e8349	(23 58)
e8358	(23 58)
e8519	(24 59)
e8612	(23 58)
e8733	(23 58)
e8737	(23 58)
e8740	(23 58)
e8745	(23 58)
e8762	(23 58)
e8843	(23 58)
e8846	(23 58)
e8849	(23 58)
e8898	(23 58)
e8901	(23 58)
e8922	(23 58)
e8933	(23 58)
e8951	(22 57)
e9156	(24 59)
e9169	(23 58)
e9231	(24 59)
e9240	(23 58)
e9244	(23 58)
e9246	(23 58)
e9308	(11 46)
e9310	(11 46)
e9334	(11 46)
e9338	(11 46)
e9466	(12 47)
e9663	(24 59)
e9666	(24 59)
e9728	(12 47)
e9734	(12 47)
e9796	(12 47)
e9830	(24 59)
e9849	(23 58)
e9874	(12 47)
e9881	(13 48)
e9886	(12 47)
e9922	(12 47)
e9923	(12 47)
e9931	(12 47)
e9939	(13 48)
e9957	(12 47)
e10040	(24 59)
e10102	(18 53)
e10138	(23 58)
e10145	(23 58)
e10164	(24 59)
e10244	(22 57)
e10494	(16 51)
e10511	(16 51)
e10566	(22 57)
e10567	(11 46)
e10568	(11 46)
e10600	(20 55)
e10628	(20 55)
e10711	(21 56)
e10758	(19 54)
e10779	(21 56)
e10976	(23 58)
e11410	(17 52)
e11436	(18 53)
e11469	(18 53)
e11470	(18 53)
e11533	(18 53)
e11673	(20 55)
