e151	15
e163	15
e342	16
e394	16
e414	16
e425	16
e460	16
e559	5
e567	11
e588	16
e593	16
e758	16
e761	16
e763	6
e775	16
e778	16
e779	16
e803	16
e823	16
e835	16
e837	16
e840	16
e857	16
e1161	16
e1183	16
e1188	10
e1224	16
e1243	14
e1246	14
e1247	14
e1249	14
e1290	6
e1294	7
e1387	16
e1404	16
e1409	16
e1412	16
e1434	1
e1464	8
e1510	4
e1517	3
e1558	12
e1562	12
e1565	24
e1567	24
e1714	11
e1725	13
e1919	8
e1920	8
e1922	8
e1960	7
e2008	8
e2185	16
e2193	18
e2196	16
e2256	12
e2261	12
e2346	8
e2517	22
e2523	22
e2592	11
e2658	21
e2679	21
e2725	22
e2763	10
e2770	10
e2939	3
e2950	1
e3018	6
e3020	6
e3029	6
e3032	6
e3064	3
e3071	3
e3074	3
e3085	6
e3087	3
e3114	3
e3128	3
e3131	3
e3233	3
e3285	4
e3296	12
e3382	4
e3389	4
e3403	6
e3411	6
e3427	4
e3441	4
e3449	4
e3458	4
e3459	4
e3461	4
e3484	6
e3578	4
e3579	4
e3733	16
e3749	8
e3779	8
e3796	12
e3802	12
e3804	12
e3811	8
e3822	8
e3824	8
e3825	8
e3828	8
e3841	8
e3923	15
e3945	24
e3946	24
e4197	2
e4198	2
e4202	1
e4209	1
e4248	4
e4249	4
e4286	3
e4336	4
e4340	4
e4355	4
e4358	4
e4368	5
e4371	5
e4390	4
e4550	8
e4565	8
e4671	4
e4683	4
e4687	4
e4690	4
e4693	4
e4695	4
e4700	4
e4742	9
e4744	9
e4764	8
e4811	8
e4850	14
e4874	8
e4879	8
e4981	12
e5006	4
e5089	8
e5092	4
e5100	4
e5105	4
e5115	4
e5135	8
e5136	8
e5161	1
e5247	8
e5266	7
e5270	7
e5274	1
e5275	1
e5283	7
e5433	8
e5440	8
e5444	8
e5467	3
e5468	3
e5529	4
e5558	4
e5595	6
e5636	8
e5648	8
e5654	7
e5655	7
e5672	8
e5676	4
e5694	4
e5837	6
e5902	4
e5944	8
e5951	6
e5956	4
e5976	7
e5984	8
e6047	10
e6055	8
e6079	8
e6104	4
e6113	4
e6181	8
e6187	4
e6308	4
e6316	4
e6317	8
e6319	8
e6324	8
e6328	8
e6354	4
e6356	4
e6383	1
e6557	4
e6682	4
e6693	8
e6709	8
e6717	8
e6723	8
e6733	4
e6734	8
e6758	4
e6802	4
e6894	4
e6946	4
e6957	4
e6969	4
e6998	14
e7036	6
e7059	1
e7127	6
e7131	4
e7136	6
e7138	6
e7273	1
e7367	16
e7369	7
e7396	7
e7407	8
e7416	3
e7420	1
e7458	12
e7463	12
e7466	23
e7476	24
e7478	12
e7498	16
e7502	16
e7508	16
e7514	21
e7567	2
e7581	4
e7619	24
e7635	1
e7689	24
e7719	18
e7732	12
e7750	24
e7751	24
e7769	24
e7797	24
e7806	24
e7906	4
e8004	4
e8010	6
e8032	2
e8041	1
e8089	4
e8098	4
e8119	8
e8130	8
e8133	4
e8134	4
e8148	4
e8149	4
e8151	4
e8171	16
e8198	24
e8223	8
e8226	8
e8231	8
e8300	4
e8301	4
e8353	8
e8356	8
e8362	7
e8373	24
e8405	8
e8477	7
e8516	12
e8537	2
e8562	8
e8564	8
e8605	16
e8632	8
e8637	8
e8638	8
e8647	8
e8653	8
e8684	16
e8708	8
e8709	8
e8713	7
e8738	8
e8741	8
e8753	16
e8910	16
e8918	16
e8935	16
e8940	16
e8956	16
e8991	16
e8995	16
e8997	19
e9001	13
e9003	16
e9010	24
e9067	14
e9074	14
e9080	15
e9101	14
e9102	14
e9107	3
e9290	16
e9291	16
e9318	8
e9320	8
e9377	8
e9380	8
e9425	8
e9467	8
e9513	8
e9559	14
e9563	16
e9584	16
e9589	16
e9657	7
e9728	14
e9730	14
e9738	14
e9756	14
e9778	14
e9819	11
e9820	12
e9860	12
e9864	12
e9942	4
e10157	8
e10158	8
e10189	4
e10229	4
e10240	6
e10243	6
e10295	6
e10332	16
e10344	23
e10374	4
e10419	1
e10537	24
