e90	(15 50)
e118	(15 50)
e139	(15 50)
e142	(15 50)
e169	(15 50)
e213	(15 50)
e214	(15 50)
e221	(15 50)
e229	(15 50)
e348	(15 50)
e396	(16 51)
e426	(16 51)
e432	(16 51)
e434	(16 51)
e436	(16 51)
e471	(16 51)
e499	(16 51)
e590	(14 49)
e623	(13 48)
e646	(14 49)
e649	(21 56)
e653	(21 56)
e659	(21 56)
e661	(21 56)
e663	(21 56)
e666	(21 56)
e692	(14 49)
e700	(14 49)
e702	(14 49)
e719	(14 49)
e722	(21 56)
e740	(13 48)
e955	(17 52)
e1081	(11 46)
e1103	(12 47)
e1104	(12 47)
e1184	(12 47)
e1214	(23 58)
e1289	(12 47)
e1290	(12 47)
e1309	(12 47)
e1331	(11 46)
e1347	(11 46)
e1433	(24 59)
e1441	(23 58)
e1444	(23 58)
e1455	(24 59)
e1460	(24 59)
e1471	(12 47)
e1715	(20 55)
e1768	(11 46)
e1789	(24 59)
e1820	(18 53)
e1839	(24 59)
e1862	(24 59)
e1920	(23 58)
e1925	(24 59)
e1948	(24 59)
e1951	(23 58)
e2159	(1 36)
e2160	(1 36)
e2185	(1 36)
e2187	(1 36)
e2190	(1 36)
e2219	(1 36)
e2255	(2 37)
e2258	(2 37)
e2263	(2 37)
e2264	(2 37)
e2270	(1 36)
e2298	(1 36)
e2303	(1 36)
e2312	(2 37)
e2313	(4 39)
e2323	(2 37)
e2345	(2 37)
e2346	(2 37)
e2347	(2 37)
e2350	(2 37)
e2355	(2 37)
e2391	(1 36)
e2392	(1 36)
e2441	(6 41)
e2442	(6 41)
e2460	(12 47)
e2485	(1 36)
e2664	(4 39)
e2669	(4 39)
e2692	(8 43)
e2737	(2 37)
e2741	(4 39)
e2744	(4 39)
e2756	(2 37)
e2811	(4 39)
e2896	(2 37)
e2898	(2 37)
e3034	(6 41)
e3035	(6 41)
e3036	(6 41)
e3044	(6 41)
e3048	(6 41)
e3050	(5 40)
e3054	(6 41)
e3073	(6 41)
e3079	(12 47)
e3111	(11 46)
e3118	(11 46)
e3125	(6 41)
e3169	(12 47)
e3173	(6 41)
e3177	(12 47)
e3182	(6 41)
e3265	(8 43)
e3266	(16 51)
e3286	(8 43)
e3340	(1 36)
e3342	(1 36)
e3343	(1 36)
e3411	(2 37)
e3413	(2 37)
e3415	(2 37)
e3424	(4 39)
e3427	(2 37)
e3432	(1 36)
e3456	(1 36)
e3468	(2 37)
e3471	(1 36)
e3511	(1 36)
e3592	(1 36)
e3609	(1 36)
e3628	(2 37)
e3732	(7 42)
e3734	(8 43)
e3740	(4 39)
e3747	(8 43)
e3767	(8 43)
e3789	(2 37)
e3810	(12 47)
e3812	(12 47)
e3855	(6 41)
e3892	(14 49)
e3905	(16 51)
e3930	(4 39)
e3931	(4 39)
e3932	(4 39)
e3933	(4 39)
e3934	(4 39)
e3942	(4 39)
e3953	(8 43)
e3955	(14 49)
e3958	(8 43)
e3967	(4 39)
e4004	(4 39)
e4011	(2 37)
e4014	(2 37)
e4019	(1 36)
e4034	(1 36)
e4060	(8 43)
e4115	(8 43)
e4120	(9 44)
e4123	(8 43)
e4125	(8 43)
e4130	(8 43)
e4134	(16 51)
e4146	(14 49)
e4273	(12 47)
e4305	(6 41)
e4307	(6 41)
e4312	(12 47)
e4318	(12 47)
e4372	(6 41)
e4373	(6 41)
e4379	(12 47)
e4383	(6 41)
e4420	(12 47)
e4475	(6 41)
e4476	(6 41)
e4496	(2 37)
e4525	(6 41)
e4532	(3 38)
e4553	(5 40)
e4554	(5 40)
e4583	(2 37)
e4584	(2 37)
e4601	(2 37)
e4610	(2 37)
e4614	(1 36)
e4678	(1 36)
e4679	(1 36)
e4692	(2 37)
e4693	(2 37)
e4713	(2 37)
e4720	(2 37)
e4723	(2 37)
e4729	(2 37)
e4730	(2 37)
e4817	(1 36)
e4823	(1 36)
e4846	(2 37)
e4884	(7 42)
e4888	(7 42)
e4920	(1 36)
e4937	(1 36)
e4940	(1 36)
e4944	(1 36)
e4980	(2 37)
e4981	(1 36)
e4982	(1 36)
e4988	(4 39)
e5001	(2 37)
e5011	(4 39)
e5013	(8 43)
e5084	(4 39)
e5094	(5 40)
e5109	(6 41)
e5137	(6 41)
e5145	(6 41)
e5179	(3 38)
e5182	(3 38)
e5183	(3 38)
e5193	(11 46)
e5301	(22 57)
e5320	(24 59)
e5321	(24 59)
e5415	(12 47)
e5416	(6 41)
e5627	(14 49)
e5699	(24 59)
e5700	(24 59)
e5701	(18 53)
e5702	(24 59)
e5748	(12 47)
e5803	(8 43)
e5807	(8 43)
e5839	(8 43)
e5843	(8 43)
e5853	(8 43)
e5867	(8 43)
e6024	(16 51)
e6055	(14 49)
e6071	(15 50)
e6081	(14 49)
e6146	(12 47)
e6152	(17 52)
e6156	(18 53)
e6163	(12 47)
e6181	(7 42)
e6183	(7 42)
e6191	(7 42)
e6245	(4 39)
e6269	(2 37)
e6274	(3 38)
e6277	(6 41)
e6289	(2 37)
e6307	(3 38)
e6488	(8 43)
e6494	(6 41)
e6507	(8 43)
e6529	(8 43)
e6530	(8 43)
e6532	(8 43)
e6536	(8 43)
e6558	(8 43)
e6588	(4 39)
e6624	(4 39)
e6654	(6 41)
e6655	(6 41)
e6664	(6 41)
e6769	(8 43)
e6788	(4 39)
e6813	(8 43)
e6834	(8 43)
e6905	(4 39)
