Acystopteris_japonica	(42 217)
Acystopteris_taiwaniana	(41 216)
Acystopteris_tenuisecta	(41 216)
Amauropelta_bergiana	(84 259)
Amauropelta_heteroclita	(29 204)
Amauropelta_linkiana	(29 204)
Amblovenatum_opulentum	(72 247)
Ampelopteris_prolifera	(36 211)
Anisocampium_cumingianum	(40 215)
Anisocampium_niponicum	(40 215)
Anisocampium_sheareri	(80 255)
Asplenium_abscissum	(36 211)
Asplenium_acuminatum	(144 319)
Asplenium_affine	(78 253)
Asplenium_alatum	(36 211)
Asplenium_antiquum	(72 247)
Asplenium_antrophyoides	(72 247)
Asplenium_auriculatum	(72 247)
Asplenium_austrochinense	(72 247)
Asplenium_barteri	(72 247)
Asplenium_bulbiferum	(72 247)
Asplenium_capillipes	(36 211)
Asplenium_castaneoviride	(72 247)
Asplenium_caudatum	(72 247)
Asplenium_claussenii	(36 211)
Asplenium_coenobiale	(72 247)
Asplenium_crinicaule	(72 247)
Asplenium_cristatum	(36 211)
Asplenium_cuneatum	(72 247)
Asplenium_cuspidatum	(72 247)
Asplenium_dalhousiae	(36 211)
Asplenium_dareoides	(72 247)
Asplenium_dregeanum	(72 247)
Asplenium_ensiforme	(36 211)
Asplenium_erectum	(36 211)
Asplenium_exiguum	(36 211)
Asplenium_formosum	(36 211)
Asplenium_griffithianum	(36 211)
Asplenium_hainanense	(55 230)
Asplenium_hemionitis	(36 211)
Asplenium_hemitomum	(144 319)
Asplenium_heterochroum	(72 247)
Asplenium_hostmannii	(72 247)
Asplenium_incisum	(36 211)
Asplenium_juglandifolium	(144 319)
Asplenium_lobulatum	(144 319)
Asplenium_lunulatum	(36 211)
Asplenium_macraei	(36 211)
Asplenium_monanthes	(54 229)
Asplenium_montanum	(36 211)
Asplenium_myriophyllum	(72 247)
Asplenium_nidus	(72 247)
Asplenium_normale	(36 211)
Asplenium_paucivenosum	(72 247)
Asplenium_pellucidum	(72 247)
Asplenium_phillipsianum	(72 247)
Asplenium_phyllitidis	(72 247)
Asplenium_platyneuron	(36 211)
Asplenium_polyodon	(36 211)
Asplenium_praemorsum	(144 319)
Asplenium_prolongatum	(72 247)
Asplenium_protensum	(144 319)
Asplenium_pseudolaserpitiifolium	(72 247)
Asplenium_pteropus	(36 211)
Asplenium_pulcherrimum	(72 247)
Asplenium_pumilum	(36 211)
Asplenium_radicans	(35 210)
Asplenium_resiliens	(54 229)
Asplenium_richardii	(144 319)
Asplenium_sagittatum	(36 211)
Asplenium_salicifolium	(144 319)
Asplenium_sandersonii	(72 247)
Asplenium_sarelii	(36 211)
Asplenium_scortechinii	(72 247)
Asplenium_septentrionale	(36 211)
Asplenium_serra	(72 247)
Asplenium_serratum	(72 247)
Asplenium_serricula	(72 247)
Asplenium_shikokianum	(85 260)
Asplenium_splendens	(72 247)
Asplenium_sulcatum	(36 211)
Asplenium_tenerum	(72 247)
Asplenium_tenuifolium	(36 211)
Asplenium_theciferum	(70 245)
Asplenium_trichomanes	(36 211)
Asplenium_trigonopterum	(143 318)
Asplenium_triphyllum	(72 247)
Asplenium_tripteropus	(36 211)
Asplenium_variabile	(72 247)
Asplenium_viride	(36 211)
Asplenium_wilfordii	(72 247)
Asplenium_wrightii	(72 247)
Asplenium_yoshinagae	(36 211)
Asplenium_adulterinum	(72 247)
Asplenium_heteroresiliens	(90 265)
Athyrium_anisopterum	(40 215)
Athyrium_arisanense	(79 254)
Athyrium_asplenioides	(40 215)
Athyrium_atkinsonii	(40 215)
Athyrium_clarkei	(40 215)
Athyrium_clivicola	(80 255)
Athyrium_cryptogrammoides	(40 215)
Athyrium_deltoidofrons	(120 295)
Athyrium_dissitifolium	(40 215)
Athyrium_drepanopterum	(40 215)
Athyrium_epirachis	(40 215)
Athyrium_fallaciosum	(40 215)
Athyrium_foliolosum	(40 215)
Athyrium_himalaicum	(40 215)
Athyrium_iseanum	(40 215)
Athyrium_kenzo-satakei	(80 255)
Athyrium_kuratae	(80 255)
Athyrium_mehrae	(40 215)
Athyrium_melanolepis	(40 215)
Athyrium_nakanoi	(80 255)
Athyrium_otophorum	(40 215)
Athyrium_pectinatum	(40 215)
Athyrium_pubicostatum	(40 215)
Athyrium_puncticaule	(40 215)
Athyrium_rupicola	(40 215)
Athyrium_schizochlamys	(40 215)
Athyrium_silvicola	(40 215)
Athyrium_spinulosum	(40 215)
Athyrium_strigillosum	(40 215)
Athyrium_vidalii	(80 255)
Athyrium_wardii	(80 255)
Athyrium_yokoscense	(40 215)
Blechnum_asplenioides	(62 237)
Blechnum_gracile	(31 206)
Blechnum_hastatum	(31 206)
Blechnum_lanceola	(33 208)
Blechnum_occidentale	(32 207)
Blechnum_punctulatum	(62 237)
Blechnum_caudatum	(34 209)
Brainea_insignis	(33 208)
Christella_conspersa	(72 247)
Christella_dentata	(36 211)
Christella_papilio	(36 211)
Christella_subpubescens	(36 211)
Cornopteris_christenseniana	(60 235)
Cornopteris_crenulatoserrulata	(15 190)
Cornopteris_opaca	(41 216)
Cyclogramma_auriculata	(72 247)
Cyclogramma_omeiensis	(136 311)
Cyclosorus_interruptus	(36 211)
Cystopteris_bulbifera	(41 216)
Cystopteris_montana	(42 217)
Cystopteris_pellucida	(42 217)
Cystopteris_protrusa	(42 217)
Cystopteris_reevesiana	(42 217)
Cystopteris_sudetica	(42 217)
Cystopteris_tennesseensis	(42 217)
Cystopteris_tenuis	(84 259)
Cystopteris_utahensis	(84 259)
Deparia_acrostichoides	(40 215)
Deparia_allantodioides	(40 215)
Deparia_boryana	(40 215)
Deparia_conilii	(80 255)
Deparia_coreana	(80 255)
Deparia_dimorphophylla	(120 295)
Deparia_erecta	(40 215)
Deparia_henryi	(120 295)
Deparia_heterophlebia	(41 216)
Deparia_japonica	(40 215)
Deparia_okuboana	(60 235)
Deparia_petersenii	(80 255)
Deparia_pterorachis	(40 215)
Deparia_pycnosora	(40 215)
Deparia_subfluvialis	(60 235)
Deparia_unifurcata	(40 215)
Deparia_viridifrons	(40 215)
Diplaziopsis_cavaleriana	(82 257)
Diplaziopsis_javanica	(41 216)
Diplazium_ambiguum	(164 339)
Diplazium_australe	(41 216)
Diplazium_centripetale	(82 257)
Diplazium_crassiusculum	(82 257)
Diplazium_cristatum	(82 257)
Diplazium_dilatatum	(41 216)
Diplazium_donianum	(82 257)
Diplazium_esculentum	(41 216)
Diplazium_expansum	(164 339)
Diplazium_grandifolium	(164 339)
Diplazium_incomptum	(82 257)
Diplazium_lobatum	(82 257)
Diplazium_lonchophyllum	(41 216)
Diplazium_procumbens	(123 298)
Diplazium_proliferum	(40 215)
Diplazium_sibiricum	(41 216)
Diplazium_striatum	(164 339)
Diplazium_sylvaticum	(100 275)
Diplazium_taiwanense	(41 216)
Diplazium_unilobum	(41 216)
Diplazium_virescens	(123 298)
Diplazium_wichurae	(41 216)
Diploblechnum_fraseri	(28 203)
Doodia_caudata	(64 239)
Glaphyropteridopsis_erubescens	(35 210)
Gymnocarpium_appalachianum	(40 215)
Gymnocarpium_disjunctum	(40 215)
Gymnocarpium_dryopteris	(40 215)
Gymnocarpium_oyamense	(40 215)
Gymnocarpium_remotepinnatum	(40 215)
Gymnocarpium_robertianum	(40 215)
Hemidictyum_marginatum	(31 206)
Leptogramma_amabilis	(36 211)
Leptogramma_pozoi	(36 211)
Leptogramma_tottoides	(36 211)
Macrothelypteris_ornata	(31 206)
Macrothelypteris_viridifrons	(61 236)
Mesophlebion_crassifolium	(72 247)
Metathelypteris_flaccida	(70 245)
Metathelypteris_gracilescens	(34 209)
Metathelypteris_laxa	(36 211)
Metathelypteris_singalanensis	(70 245)
Metathelypteris_uraiensis	(62 237)
Onoclea_sensibilis	(37 212)
Onocleopsis_hintonii	(40 215)
Oreopteris_limbosperma	(34 209)
Parablechnum_ambiguum	(55 230)
Phegopteris_connectilis	(30 205)
Phegopteris_hexagonoptera	(30 205)
Pseudocyclosorus_falcilobus	(35 210)
Pseudophegopteris_aurita	(31 206)
Pseudophegopteris_levingei	(62 237)
Pseudophegopteris_subaurita	(31 206)
Sadleria_squarrosa	(33 208)
Salpichlaena_volubilis	(40 215)
Sphaerostephanos_arbuscula	(36 211)
Stegnogramma_dictyoclinoides	(36 211)
Stenochlaena_palustris	(70 245)
Stenochlaena_tenuifolia	(72 247)
Thelypteris_confluens	(35 210)
Woodsia_andersonii	(164 339)
Woodsia_cycloloba	(164 339)
Woodsia_glabella	(39 214)
Woodsia_ilvensis	(39 214)
Woodsia_lanosa	(164 339)
Woodsia_macrochlaena	(41 216)
Woodsia_polystichoides	(41 216)
Woodsia_rosthorniana	(82 257)
Woodsia_subcordata	(40 215)
Woodwardia_fimbriata	(34 209)
Woodwardia_japonica	(17 192)
Woodwardia_kempii	(62 237)
Woodwardia_orientalis	(68 243)
Woodwardia_prolifera	(34 209)
Woodwardia_radicans	(34 209)
Woodwardia_unigemmata	(34 209)
Asplenium_adiantum-nigrum	(36 211)
Asplenium_aethiopicum	(72 247)
Asplenium_erosum	(144 319)
Asplenium_laciniatum	(36 211)
Asplenium_ruta-muraria	(36 211)
Asplenium_scolopendrium	(36 211)
Athyrium_attenuatum	(40 215)
Athyrium_filix-femina	(40 215)
Blechnum_australe	(31 206)
Cystopteris_fragilis	(42 217)
Cystopteris_laurentiana	(126 301)
Diplazium_kawakamii	(41 216)
Gymnocarpium_jessoense	(40 215)
Macrothelypteris_oligophlebia	(31 206)
Macrothelypteris_torresiana	(31 206)
Matteuccia_struthiopteris	(39 214)
Pseudophegopteris_pyrrhorachis	(31 206)
Woodsia_alpina	(64 239)
