Acystopteris_japonica	42
Acystopteris_taiwaniana	41
Acystopteris_tenuisecta	41
Amauropelta_bergiana	84
Amauropelta_heteroclita	29
Amauropelta_linkiana	29
Amblovenatum_opulentum	72
Ampelopteris_prolifera	36
Anisocampium_cumingianum	40
Anisocampium_niponicum	40
Anisocampium_sheareri	80
Asplenium_abscissum	36
Asplenium_acuminatum	144
Asplenium_affine	78
Asplenium_alatum	36
Asplenium_antiquum	72
Asplenium_antrophyoides	72
Asplenium_auriculatum	72
Asplenium_austrochinense	72
Asplenium_barteri	72
Asplenium_bulbiferum	72
Asplenium_capillipes	36
Asplenium_castaneoviride	72
Asplenium_caudatum	72
Asplenium_claussenii	36
Asplenium_coenobiale	72
Asplenium_crinicaule	72
Asplenium_cristatum	36
Asplenium_cuneatum	72
Asplenium_cuspidatum	72
Asplenium_dalhousiae	36
Asplenium_dareoides	72
Asplenium_dregeanum	72
Asplenium_ensiforme	36
Asplenium_erectum	36
Asplenium_exiguum	36
Asplenium_formosum	36
Asplenium_griffithianum	36
Asplenium_hainanense	55
Asplenium_hemionitis	36
Asplenium_hemitomum	144
Asplenium_heterochroum	72
Asplenium_hostmannii	72
Asplenium_incisum	36
Asplenium_juglandifolium	144
Asplenium_lobulatum	144
Asplenium_lunulatum	36
Asplenium_macraei	36
Asplenium_monanthes	54
Asplenium_montanum	36
Asplenium_myriophyllum	72
Asplenium_nidus	72
Asplenium_normale	36
Asplenium_paucivenosum	72
Asplenium_pellucidum	72
Asplenium_phillipsianum	72
Asplenium_phyllitidis	72
Asplenium_platyneuron	36
Asplenium_polyodon	36
Asplenium_praemorsum	144
Asplenium_prolongatum	72
Asplenium_protensum	144
Asplenium_pseudolaserpitiifolium	72
Asplenium_pteropus	36
Asplenium_pulcherrimum	72
Asplenium_pumilum	36
Asplenium_radicans	35
Asplenium_resiliens	54
Asplenium_richardii	144
Asplenium_sagittatum	36
Asplenium_salicifolium	144
Asplenium_sandersonii	72
Asplenium_sarelii	36
Asplenium_scortechinii	72
Asplenium_septentrionale	36
Asplenium_serra	72
Asplenium_serratum	72
Asplenium_serricula	72
Asplenium_shikokianum	85
Asplenium_splendens	72
Asplenium_sulcatum	36
Asplenium_tenerum	72
Asplenium_tenuifolium	36
Asplenium_theciferum	70
Asplenium_trichomanes	36
Asplenium_trigonopterum	143
Asplenium_triphyllum	72
Asplenium_tripteropus	36
Asplenium_variabile	72
Asplenium_viride	36
Asplenium_wilfordii	72
Asplenium_wrightii	72
Asplenium_yoshinagae	36
Asplenium_adulterinum	72
Asplenium_heteroresiliens	90
Athyrium_anisopterum	40
Athyrium_arisanense	79
Athyrium_asplenioides	40
Athyrium_atkinsonii	40
Athyrium_clarkei	40
Athyrium_clivicola	80
Athyrium_cryptogrammoides	40
Athyrium_deltoidofrons	120
Athyrium_dissitifolium	40
Athyrium_drepanopterum	40
Athyrium_epirachis	40
Athyrium_fallaciosum	40
Athyrium_foliolosum	40
Athyrium_himalaicum	40
Athyrium_iseanum	40
Athyrium_kenzo-satakei	80
Athyrium_kuratae	80
Athyrium_mehrae	40
Athyrium_melanolepis	40
Athyrium_nakanoi	80
Athyrium_otophorum	40
Athyrium_pectinatum	40
Athyrium_pubicostatum	40
Athyrium_puncticaule	40
Athyrium_rupicola	40
Athyrium_schizochlamys	40
Athyrium_silvicola	40
Athyrium_spinulosum	40
Athyrium_strigillosum	40
Athyrium_vidalii	80
Athyrium_wardii	80
Athyrium_yokoscense	40
Blechnum_asplenioides	62
Blechnum_gracile	31
Blechnum_hastatum	31
Blechnum_lanceola	33
Blechnum_occidentale	32
Blechnum_punctulatum	62
Blechnum_caudatum	34
Brainea_insignis	33
Christella_conspersa	72
Christella_dentata	36
Christella_papilio	36
Christella_subpubescens	36
Cornopteris_christenseniana	60
Cornopteris_crenulatoserrulata	15
Cornopteris_opaca	41
Cyclogramma_auriculata	72
Cyclogramma_omeiensis	136
Cyclosorus_interruptus	36
Cystopteris_bulbifera	41
Cystopteris_montana	42
Cystopteris_pellucida	42
Cystopteris_protrusa	42
Cystopteris_reevesiana	42
Cystopteris_sudetica	42
Cystopteris_tennesseensis	42
Cystopteris_tenuis	84
Cystopteris_utahensis	84
Deparia_acrostichoides	40
Deparia_allantodioides	40
Deparia_boryana	40
Deparia_conilii	80
Deparia_coreana	80
Deparia_dimorphophylla	120
Deparia_erecta	40
Deparia_henryi	120
Deparia_heterophlebia	41
Deparia_japonica	40
Deparia_okuboana	60
Deparia_petersenii	80
Deparia_pterorachis	40
Deparia_pycnosora	40
Deparia_subfluvialis	60
Deparia_unifurcata	40
Deparia_viridifrons	40
Diplaziopsis_cavaleriana	82
Diplaziopsis_javanica	41
Diplazium_ambiguum	164
Diplazium_australe	41
Diplazium_centripetale	82
Diplazium_crassiusculum	82
Diplazium_cristatum	82
Diplazium_dilatatum	41
Diplazium_donianum	82
Diplazium_esculentum	41
Diplazium_expansum	164
Diplazium_grandifolium	164
Diplazium_incomptum	82
Diplazium_lobatum	82
Diplazium_lonchophyllum	41
Diplazium_procumbens	123
Diplazium_proliferum	40
Diplazium_sibiricum	41
Diplazium_striatum	164
Diplazium_sylvaticum	100
Diplazium_taiwanense	41
Diplazium_unilobum	41
Diplazium_virescens	123
Diplazium_wichurae	41
Diploblechnum_fraseri	28
Doodia_caudata	64
Glaphyropteridopsis_erubescens	35
Gymnocarpium_appalachianum	40
Gymnocarpium_disjunctum	40
Gymnocarpium_dryopteris	40
Gymnocarpium_oyamense	40
Gymnocarpium_remotepinnatum	40
Gymnocarpium_robertianum	40
Hemidictyum_marginatum	31
Leptogramma_amabilis	36
Leptogramma_pozoi	36
Leptogramma_tottoides	36
Macrothelypteris_ornata	31
Macrothelypteris_viridifrons	61
Mesophlebion_crassifolium	72
Metathelypteris_flaccida	70
Metathelypteris_gracilescens	34
Metathelypteris_laxa	36
Metathelypteris_singalanensis	70
Metathelypteris_uraiensis	62
Onoclea_sensibilis	37
Onocleopsis_hintonii	40
Oreopteris_limbosperma	34
Parablechnum_ambiguum	55
Phegopteris_connectilis	30
Phegopteris_hexagonoptera	30
Pseudocyclosorus_falcilobus	35
Pseudophegopteris_aurita	31
Pseudophegopteris_levingei	62
Pseudophegopteris_subaurita	31
Sadleria_squarrosa	33
Salpichlaena_volubilis	40
Sphaerostephanos_arbuscula	36
Stegnogramma_dictyoclinoides	36
Stenochlaena_palustris	70
Stenochlaena_tenuifolia	72
Thelypteris_confluens	35
Woodsia_andersonii	164
Woodsia_cycloloba	164
Woodsia_glabella	39
Woodsia_ilvensis	39
Woodsia_lanosa	164
Woodsia_macrochlaena	41
Woodsia_polystichoides	41
Woodsia_rosthorniana	82
Woodsia_subcordata	40
Woodwardia_fimbriata	34
Woodwardia_japonica	17
Woodwardia_kempii	62
Woodwardia_orientalis	68
Woodwardia_prolifera	34
Woodwardia_radicans	34
Woodwardia_unigemmata	34
Asplenium_adiantum-nigrum	36
Asplenium_aethiopicum	72
Asplenium_erosum	144
Asplenium_laciniatum	36
Asplenium_ruta-muraria	36
Asplenium_scolopendrium	36
Athyrium_attenuatum	40
Athyrium_filix-femina	40
Blechnum_australe	31
Cystopteris_fragilis	42
Cystopteris_laurentiana	126
Diplazium_kawakamii	41
Gymnocarpium_jessoense	40
Macrothelypteris_oligophlebia	31
Macrothelypteris_torresiana	31
Matteuccia_struthiopteris	39
Pseudophegopteris_pyrrhorachis	31
Woodsia_alpina	64
