"","vars","polyp_ess","polyp_rhat_pt","polyp_rhat_uCI","asple_ess","asple_rhat_pt","asple_rhat_uCI","pteri_ess","pteri_rhat_pt","pteri_rhat_uCI"
"1","Likelihood",1153.64378362957,1.00508933059704,1.01364639444265,1738.86642969101,1.00700769693266,1.01850625848037,1363.31740698463,1.00304194884648,1.00751157864904
"2","alpha",932.181662149774,1.00571928796423,1.00785152686516,801.735646331655,1.00790655449582,1.02057668387239,880.156478281007,1.00341379982871,1.00826415181759
"3","chi",647.440403714447,1.0188908820475,1.04749911007352,633.538262238423,1.0076078666367,1.01998822089486,683.220857250711,1.00188474551779,1.00414177301168
"4","clado_demipoly_a",422.110227488486,1.00909361176892,1.02210751038233,1256.60695804954,1.00810590721704,1.02168836503693,545.974230925703,1.02395334475485,1.0644201448242
"5","clado_demipoly_b",510.016622809904,1.01210330337067,1.02987483201126,778.06922596727,1.01356635663857,1.03126552725232,975.923182554562,1.0050631563321,1.01238114698695
"6","clado_fission_a",339.171136821956,1.00313396388891,1.00387331787701,1076.31148118903,1.00712498335179,1.01812742268133,478.896004918074,1.00468740308515,1.00701730064789
"7","clado_fission_b",884.958226261103,1.00948526272589,1.02465910489199,1516.33270273196,1.00380087316377,1.00698056968381,1576.67999588391,1.0071238846581,1.01650573456665
"8","clado_fusion_a",333.169755564963,1.00510663957403,1.01248890049249,668.982660251476,1.01973609033162,1.05008992780477,652.322016639786,1.0142127186301,1.0362320457856
"9","clado_fusion_b",974.268410018674,1.01818340098902,1.04730098525708,1621.44409972639,1.00587841451959,1.01182991214121,1809.0297116978,1.00538724072898,1.0124097775168
"10","clado_no_change_a",1285.13486714646,1.00599475228411,1.0158093233479,1706.15768445219,1.00537575776485,1.01419967663651,1283.99290480628,1.00521613750683,1.01189236659793
"11","clado_no_change_b",1191.9572017988,1.01702137288947,1.04343150317886,2404.95044383303,1.0029022320623,1.00624236287362,1736.16562535907,1.00602277283725,1.0115630559613
"12","clado_polyploid_a",1760.20331284068,1.00223017749514,1.00582935169913,2011.47073253983,1.00098581419884,1.00226537731736,1608.73982289017,1.00347867977487,1.00830926948809
"13","clado_polyploid_b",341.067921542094,1.00775711595958,1.01924958949686,527.587687098936,1.00399119160678,1.01001490507592,297.296985413728,1.01164846353112,1.0272794128822
"14","delta_a",394.086342347967,1.0042632257162,1.01126972947823,980.22966117274,1.01129558555321,1.02936104163388,1211.56114820651,1.00492294740963,1.01354634375036
"15","delta_b",3844.75447416287,1.00038587198955,1.00076204415876,1264.97432981317,1.00200977947803,1.00503782711803,2310.12692510083,1.00230435425408,1.00609254339576
"16","eta_a",918.48124721157,1.00715810101149,1.01888523301498,1519.71805757311,1.00231122581442,1.00568513814576,748.466225965468,1.02039248967035,1.05514572653228
"17","eta_b",832.940151337071,1.0047160742286,1.01207546433191,704.641267352248,1.00140087235525,1.00377388648326,1281.06300461098,1.00773359896521,1.016571736638
"18","gamma_a",1151.93571635514,1.01878053750591,1.04440837519984,1359.1244026369,1.00334331957498,1.00792658410749,2219.06297286928,1.00212617186153,1.00469292938936
"19","gamma_b",1701.41759216076,1.00196543097872,1.00388503633875,1571.1373390254,1.00068650561818,1.00165441565204,1726.00697334264,1.00211143929403,1.0057366690628
"20","rho_a",1075.20747143831,1.00737990368754,1.0177483095901,1336.774640234,1.00460114954958,1.00955117326687,1435.67411211421,1.00528867338264,1.01304358729146
"21","rho_b",1231.37864443557,1.00270301232879,1.00663416120584,1331.07678648371,1.00175548197728,1.00357861986301,1158.52239318568,1.00466359898547,1.01279149399109
"22","turnover",1171.46741240446,1.01225023168641,1.02685799138845,1697.52785722909,1.00356830579518,1.00966040126235,1265.94321938851,1.00366401632113,1.00893939264764
