e98	(12 47)
e148	(12 47)
e149	(18 53)
e151	(18 53)
e159	(24 59)
e172	(12 47)
e205	(12 47)
e206	(12 47)
e210	(12 47)
e231	(12 47)
e262	(12 47)
e308	(12 47)
e309	(12 47)
e339	(12 47)
e434	(7 42)
e465	(14 49)
e469	(14 49)
e492	(6 41)
e652	(23 58)
e673	(23 58)
e674	(23 58)
e683	(17 52)
e907	(6 41)
e921	(1 36)
e930	(4 39)
e945	(4 39)
e1057	(9 44)
e1160	(6 41)
e1172	(14 49)
e1184	(6 41)
e1190	(6 41)
e1273	(16 51)
e1304	(8 43)
e1331	(24 59)
e1337	(16 51)
e1338	(16 51)
e1342	(24 59)
e1396	(8 43)
e1406	(8 43)
e1474	(8 43)
e1522	(16 51)
e1765	(4 39)
e1779	(8 43)
e1781	(1 36)
e1837	(22 57)
e1871	(1 36)
e1892	(8 43)
e1907	(8 43)
e1920	(4 39)
e1968	(3 38)
e1982	(3 38)
e2057	(4 39)
e2068	(4 39)
e2082	(1 36)
e2084	(2 37)
e2095	(8 43)
e2129	(4 39)
e2131	(4 39)
e2162	(4 39)
e2163	(4 39)
e2195	(5 40)
e2272	(8 43)
e2275	(12 47)
e2281	(16 51)
e2282	(16 51)
e2296	(7 42)
e2299	(8 43)
e2398	(8 43)
e2412	(8 43)
e2431	(8 43)
e2455	(3 38)
e2484	(5 40)
e2578	(6 41)
e2579	(6 41)
e2581	(6 41)
e2594	(7 42)
e2596	(7 42)
e2599	(7 42)
e2622	(6 41)
e2632	(12 47)
e2634	(12 47)
e2635	(12 47)
e2637	(6 41)
e2640	(1 36)
e2673	(12 47)
e2678	(12 47)
e2679	(12 47)
e2687	(12 47)
e2698	(24 59)
e2762	(12 47)
e2791	(12 47)
e2817	(23 58)
e2826	(12 47)
e2881	(6 41)
e2912	(24 59)
e2952	(18 53)
e2960	(24 59)
e2962	(24 59)
e2966	(24 59)
e2981	(24 59)
e2995	(24 59)
e3069	(12 47)
e3099	(12 47)
e3111	(14 49)
e3139	(16 51)
e3254	(6 41)
e3258	(9 44)
e3259	(9 44)
e3293	(6 41)
e3310	(6 41)
e3324	(9 44)
e3333	(6 41)
e3336	(6 41)
e3337	(3 38)
e3339	(1 36)
e3352	(6 41)
e3358	(6 41)
e3361	(6 41)
e3404	(6 41)
e3416	(9 44)
e3430	(6 41)
e3477	(12 47)
e3524	(4 39)
e3527	(4 39)
e3549	(8 43)
e3550	(8 43)
e3551	(8 43)
e3552	(8 43)
e3593	(4 39)
e3613	(10 45)
e3636	(6 41)
e3637	(6 41)
e3679	(4 39)
e3681	(3 38)
e3682	(4 39)
e3731	(13 48)
e3736	(13 48)
e3760	(3 38)
e3762	(3 38)
e3766	(3 38)
e3785	(3 38)
e3787	(3 38)
e3808	(3 38)
e3809	(3 38)
e3820	(6 41)
e3838	(3 38)
e3873	(5 40)
e3879	(3 38)
e3891	(4 39)
e3893	(2 37)
e3908	(3 38)
e3918	(3 38)
e4105	(1 36)
e4109	(1 36)
e4159	(2 37)
e4160	(2 37)
e4227	(8 43)
e4231	(8 43)
e4274	(8 43)
e4286	(16 51)
e4287	(8 43)
e4289	(8 43)
e4300	(16 51)
e4311	(12 47)
e4325	(7 42)
e4404	(8 43)
e4523	(9 44)
e4534	(9 44)
e4540	(9 44)
e4564	(14 49)
e4565	(14 49)
e4566	(14 49)
e4587	(14 49)
e4605	(14 49)
e4610	(14 49)
e4659	(9 44)
e4671	(8 43)
e4709	(10 45)
e4866	(16 51)
e4878	(16 51)
e4935	(16 51)
e4964	(16 51)
e4977	(12 47)
e5008	(15 50)
e5153	(16 51)
e5199	(8 43)
e5205	(8 43)
e5465	(8 43)
e5522	(8 43)
e5574	(8 43)
e5575	(8 43)
e5576	(8 43)
e5578	(11 46)
e5633	(18 53)
e5639	(11 46)
e5649	(11 46)
e5653	(11 46)
e5664	(11 46)
e5701	(11 46)
e5720	(11 46)
e5726	(11 46)
e5727	(11 46)
e5729	(11 46)
e5737	(11 46)
e5744	(11 46)
e5746	(11 46)
e5757	(22 57)
e5760	(22 57)
e5762	(11 46)
e5769	(11 46)
e5774	(11 46)
e5777	(11 46)
e5780	(20 55)
e5796	(17 52)
e5886	(14 49)
e5922	(14 49)
e5923	(14 49)
e5939	(10 45)
e5975	(8 43)
e5986	(14 49)
e6033	(14 49)
e6041	(14 49)
e6056	(14 49)
e6110	(14 49)
e6121	(20 55)
e6163	(21 56)
e6164	(21 56)
e6169	(14 49)
e6171	(14 49)
e6191	(19 54)
e6216	(14 49)
e6218	(14 49)
e6219	(14 49)
e6229	(21 56)
e6252	(14 49)
e6263	(14 49)
e6370	(14 49)
e6421	(14 49)
e6425	(14 49)
e6460	(6 41)
e6484	(14 49)
e6487	(14 49)
e6624	(14 49)
e6634	(14 49)
e6643	(14 49)
e6654	(13 48)
e6682	(14 49)
e6684	(14 49)
e6699	(14 49)
e6766	(21 56)
e6823	(14 49)
e6929	(13 48)
e6931	(14 49)
e6951	(14 49)
e6952	(14 49)
e7060	(14 49)
e7179	(14 49)
e7182	(14 49)
e7191	(11 46)
e7196	(13 48)
e7197	(13 48)
e7208	(13 48)
e7233	(14 49)
e7239	(14 49)
e7312	(6 41)
e7376	(14 49)
e7440	(14 49)
e7448	(14 49)
e7483	(14 49)
e7486	(14 49)
e7507	(14 49)
e7543	(14 49)
e7553	(14 49)
e7554	(14 49)
e7628	(10 45)
e7773	(14 49)
e7779	(14 49)
e7823	(7 42)
e7829	(7 42)
e7844	(1 36)
e7854	(1 36)
e7858	(4 39)
e7865	(7 42)
e7874	(7 42)
e7959	(7 42)
e7965	(7 42)
e8219	(6 41)
e8230	(6 41)
e8234	(6 41)
e8247	(6 41)
e8322	(8 43)
e8352	(4 39)
e8361	(8 43)
e8362	(8 43)
e8364	(8 43)
e8374	(4 39)
e8375	(4 39)
e8394	(8 43)
e8431	(8 43)
e8437	(8 43)
e8452	(12 47)
e8456	(12 47)
e8463	(4 39)
e8541	(6 41)
e8615	(4 39)
e8630	(5 40)
e8649	(4 39)
e8724	(8 43)
e8748	(4 39)
e8752	(4 39)
e8770	(1 36)
e8839	(4 39)
e8879	(8 43)
e8891	(8 43)
e8899	(8 43)
e8905	(12 47)
e8920	(8 43)
e8932	(4 39)
e8956	(3 38)
e9053	(14 49)
e9078	(5 40)
e9081	(9 44)
e9211	(3 38)
e9212	(3 38)
e9217	(3 38)
e9218	(3 38)
e9237	(4 39)
e9253	(20 55)
e9273	(3 38)
e9281	(3 38)
e9294	(3 38)
e9301	(6 41)
e9317	(3 38)
e9321	(3 38)
e9342	(3 38)
e9356	(3 38)
e9403	(4 39)
e9408	(8 43)
e9425	(4 39)
